public_sku,manufacturer_mpn,manufacturer,category,title,source_class,source_domain,response_status,http_status,content_type,pixel_width,pixel_height,file_size_bytes,duplicate_url_group,near_duplicate_url_group,duplicate_content_group,match_status,match_confidence,rights_status,approved_public_image_count,storefront_image_status,review_status,notes
C4-CJM,C4-CJM,Antennas Direct,Antennas & RF,Clearstream 4 Outdoor Antenna,petra_supplier_feed,petraimages.com.s3.amazonaws.com,working,200,image/jpeg,600,600,172155,,,,exact_mpn_catalog_association_visual_review_pending,medium,approved,1,petra_csv_image,approved_by_petra_authorization,Petra authorized display of CSV-supplied product image URLs on telecomstore.net.
C4-V-CJM,C4-V-CJM,Antennas Direct,Antennas & RF,Ind/outdr Hdtv Ant/mnt,petra_supplier_feed,petraimages.com.s3.amazonaws.com,working,200,image/jpeg,600,600,116265,,,,exact_mpn_catalog_association_visual_review_pending,medium,approved,1,petra_csv_image,approved_by_petra_authorization,Petra authorized display of CSV-supplied product image URLs on telecomstore.net.
C5,C5,Antennas Direct,Antennas & RF,Clearstream 5 Dtv Antenna,petra_supplier_feed,petraimages.com.s3.amazonaws.com,working,200,image/jpeg,600,600,190460,,,,exact_mpn_catalog_association_visual_review_pending,medium,approved,1,petra_csv_image,approved_by_petra_authorization,Petra authorized display of CSV-supplied product image URLs on telecomstore.net.
CJMOUNT,CJMOUNT,Antennas Direct,Antennas & RF,Antenna Mount,petra_supplier_feed,petraimages.com.s3.amazonaws.com,working,200,image/jpeg,600,600,171623,,,,exact_mpn_catalog_association_visual_review_pending,medium,approved,1,petra_csv_image,approved_by_petra_authorization,Petra authorized display of CSV-supplied product image URLs on telecomstore.net.
DB8-E,DB8-E,Antennas Direct,Antennas & RF,DB8E Bowtie UHF Antenna,petra_supplier_feed,petraimages.com.s3.amazonaws.com,working,200,image/jpeg,600,600,243009,,,,exact_mpn_catalog_association_visual_review_pending,medium,approved,1,petra_csv_image,approved_by_petra_authorization,Petra authorized display of CSV-supplied product image URLs on telecomstore.net.
MAST40,MAST40,Antennas Direct,Antennas & RF,40IN ClearStream Universal Mast,petra_supplier_feed,petraimages.com.s3.amazonaws.com,working,200,image/jpeg,600,600,43930,,,,exact_mpn_catalog_association_visual_review_pending,medium,approved,1,petra_csv_image,approved_by_petra_authorization,Petra authorized display of CSV-supplied product image URLs on telecomstore.net.
BK350,BK350,APC,Network Equipment,Back-UPS CS 350 VA Tower,petra_supplier_feed,petraimages.com.s3.amazonaws.com,working,200,image/jpeg,600,600,120223,,,,exact_mpn_catalog_association_visual_review_pending,medium,approved,1,petra_csv_image,approved_by_petra_authorization,Petra authorized display of CSV-supplied product image URLs on telecomstore.net.
BE550G,BE550G,APC,Network Equipment,550VA 8-OUT Back-ups Es,petra_supplier_feed,petraimages.com.s3.amazonaws.com,working,200,image/jpeg,600,600,145813,,,,exact_mpn_catalog_association_visual_review_pending,medium,approved,1,petra_csv_image,approved_by_petra_authorization,Petra authorized display of CSV-supplied product image URLs on telecomstore.net.
BE650G1,BE650G1,APC,Network Equipment,Back-UPS 650 VA Battery Backup,petra_supplier_feed,petraimages.com.s3.amazonaws.com,working,200,image/jpeg,600,600,119803,,,,exact_mpn_catalog_association_visual_review_pending,medium,approved,1,petra_csv_image,approved_by_petra_authorization,Petra authorized display of CSV-supplied product image URLs on telecomstore.net.
BK500,BK500,APC,Network Equipment,Back-ups 500 System,petra_supplier_feed,petraimages.com.s3.amazonaws.com,working,200,image/jpeg,600,600,122368,,,,exact_mpn_catalog_association_visual_review_pending,medium,approved,1,petra_csv_image,approved_by_petra_authorization,Petra authorized display of CSV-supplied product image URLs on telecomstore.net.
BR1500MS2,BR1500MS2,APC,Network Equipment,Back-UPS Pro 1500 VA Tower with 10 AC Outlets and 2 USB Ports,petra_supplier_feed,petraimages.com.s3.amazonaws.com,working,200,image/jpeg,600,600,128618,,,,exact_mpn_catalog_association_visual_review_pending,medium,approved,1,petra_csv_image,approved_by_petra_authorization,Petra authorized display of CSV-supplied product image URLs on telecomstore.net.
BX1000M,BX1000M,APC,Network Equipment,1000VA 8-OUT Back Ups Pro,petra_supplier_feed,petraimages.com.s3.amazonaws.com,working,200,image/jpeg,600,600,156276,,,,exact_mpn_catalog_association_visual_review_pending,medium,approved,1,petra_csv_image,approved_by_petra_authorization,Petra authorized display of CSV-supplied product image URLs on telecomstore.net.
BX850M,BX850M,APC,Network Equipment,850VA 8-OUT Back Ups Pro,petra_supplier_feed,petraimages.com.s3.amazonaws.com,working,200,image/jpeg,600,600,158009,,,,exact_mpn_catalog_association_visual_review_pending,medium,approved,1,petra_csv_image,approved_by_petra_authorization,Petra authorized display of CSV-supplied product image URLs on telecomstore.net.
ATCRL32102,ATCRL32102,At&t,Telephone Equipment,DECT Big Button Cordless Das,petra_supplier_feed,petraimages.com.s3.amazonaws.com,working,200,image/jpeg,600,600,193503,,,,exact_mpn_catalog_association_visual_review_pending,medium,approved,1,petra_csv_image,approved_by_petra_authorization,Petra authorized display of CSV-supplied product image URLs on telecomstore.net.
P300,P300,Clarity,Telephone Equipment,Amplified Photo Phone,petra_supplier_feed,petraimages.com.s3.amazonaws.com,working,200,image/jpeg,600,600,235561,,,,exact_mpn_catalog_association_visual_review_pending,medium,approved,1,petra_csv_image,approved_by_petra_authorization,Petra authorized display of CSV-supplied product image URLs on telecomstore.net.
52703,52703,Clarity,Telephone Equipment,Expandable Handset,petra_supplier_feed,petraimages.com.s3.amazonaws.com,working,200,image/jpeg,600,600,203783,,,,exact_mpn_catalog_association_visual_review_pending,medium,approved,1,petra_csv_image,approved_by_petra_authorization,Petra authorized display of CSV-supplied product image URLs on telecomstore.net.
53712,53712,Clarity,Telephone Equipment,Amp Cordless Phone W/dig Answr,petra_supplier_feed,petraimages.com.s3.amazonaws.com,working,200,image/jpeg,600,600,204280,,,,exact_mpn_catalog_association_visual_review_pending,medium,approved,1,petra_csv_image,approved_by_petra_authorization,Petra authorized display of CSV-supplied product image URLs on telecomstore.net.
53714,53714,Clarity,Telephone Equipment,D714 40DB Ampd Cordless Phone,petra_supplier_feed,petraimages.com.s3.amazonaws.com,working,200,image/jpeg,600,600,205881,,,,exact_mpn_catalog_association_visual_review_pending,medium,approved,1,petra_csv_image,approved_by_petra_authorization,Petra authorized display of CSV-supplied product image URLs on telecomstore.net.
54505.001,54505.001,Clarity,Telephone Equipment,Alto Plus Amp Corded Phone,petra_supplier_feed,petraimages.com.s3.amazonaws.com,working,200,image/jpeg,600,600,283999,,,,exact_mpn_catalog_association_visual_review_pending,medium,approved,1,petra_csv_image,approved_by_petra_authorization,Petra authorized display of CSV-supplied product image URLs on telecomstore.net.
59865.001,59865.001,Clarity,Telephone Equipment,XLC8 DECT 6.0 50 dB Amplified Cordless Phone System,petra_supplier_feed,petraimages.com.s3.amazonaws.com,working,200,image/jpeg,600,600,151003,,,,exact_mpn_catalog_association_visual_review_pending,medium,approved,1,petra_csv_image,approved_by_petra_authorization,Petra authorized display of CSV-supplied product image URLs on telecomstore.net.
59234.001,59234.001,Clarity,Telephone Equipment,DECT 6.0 50 dB Amplified Cordless Phone with Big Buttons,petra_supplier_feed,petraimages.com.s3.amazonaws.com,working,200,image/jpeg,600,600,156954,,,,exact_mpn_catalog_association_visual_review_pending,medium,approved,1,petra_csv_image,approved_by_petra_authorization,Petra authorized display of CSV-supplied product image URLs on telecomstore.net.
CP1500AVRLCD3,CP1500AVRLCD3,Cyberpower,Network Cabling & Connectors,Intelligent Lcd Ups,petra_supplier_feed,petraimages.com.s3.amazonaws.com,working,200,image/jpeg,600,600,138029,,,,exact_mpn_catalog_association_visual_review_pending,medium,approved,1,petra_csv_image,approved_by_petra_authorization,Petra authorized display of CSV-supplied product image URLs on telecomstore.net.
45-0001-UWH,45-0001-UWH,Datacomm Electronics,"Terminals, Jacks & Wall Plates",Uwhite 1 Gang Recessed,petra_supplier_feed,petraimages.com.s3.amazonaws.com,working,200,image/jpeg,600,600,69401,,,,exact_mpn_catalog_association_visual_review_pending,medium,approved,1,petra_csv_image,approved_by_petra_authorization,Petra authorized display of CSV-supplied product image URLs on telecomstore.net.
50-3321-WH-KIT,50-3321-WH-KIT,Datacomm Electronics,"Terminals, Jacks & Wall Plates",Flat Panel Cable Org Rem Kit,petra_supplier_feed,petraimages.com.s3.amazonaws.com,working,200,image/jpeg,600,600,28542,,,,exact_mpn_catalog_association_visual_review_pending,medium,approved,1,petra_csv_image,approved_by_petra_authorization,Petra authorized display of CSV-supplied product image URLs on telecomstore.net.
50-3323-WH-KIT,50-3323-WH-KIT,Datacomm Electronics,Cable Management,Recessed Pair Power Kit,petra_supplier_feed,petraimages.com.s3.amazonaws.com,working,200,image/jpeg,600,600,25349,,,,exact_mpn_catalog_association_visual_review_pending,medium,approved,1,petra_csv_image,approved_by_petra_authorization,Petra authorized display of CSV-supplied product image URLs on telecomstore.net.
50-6623-WH-KIT,50-6623-WH-KIT,Datacomm Electronics,"Terminals, Jacks & Wall Plates",Flat Panel Cable Org Dup Power,petra_supplier_feed,petraimages.com.s3.amazonaws.com,working,200,image/jpeg,600,600,204755,,,,exact_mpn_catalog_association_visual_review_pending,medium,approved,1,petra_csv_image,approved_by_petra_authorization,Petra authorized display of CSV-supplied product image URLs on telecomstore.net.
500256,500256,Eagle Aspen,Antennas & RF,25 Db Distribution Amp,petra_supplier_feed,petraimages.com.s3.amazonaws.com,working,200,image/jpeg,600,600,214441,,,,exact_mpn_catalog_association_visual_review_pending,medium,approved,1,petra_csv_image,approved_by_petra_authorization,Petra authorized display of CSV-supplied product image URLs on telecomstore.net.
DTV2BUHF,DTV2BUHF,Eagle Aspen,Antennas & RF,2-BAY UHF Outdoor Antenna,petra_supplier_feed,petraimages.com.s3.amazonaws.com,working,200,image/jpeg,600,600,160733,,,,exact_mpn_catalog_association_visual_review_pending,medium,approved,1,petra_csv_image,approved_by_petra_authorization,Petra authorized display of CSV-supplied product image URLs on telecomstore.net.
500302,500302,Eagle Aspen,Antennas & RF,2-WAY 1000 MHz Splitter,petra_supplier_feed,petraimages.com.s3.amazonaws.com,working,200,image/jpeg,600,600,218763,,,,exact_mpn_catalog_association_visual_review_pending,medium,approved,1,petra_csv_image,approved_by_petra_authorization,Petra authorized display of CSV-supplied product image URLs on telecomstore.net.
500303,500303,Eagle Aspen,Antennas & RF,3WAY All Port Power Splittr,petra_supplier_feed,petraimages.com.s3.amazonaws.com,working,200,image/jpeg,600,600,208773,,,,exact_mpn_catalog_association_visual_review_pending,medium,approved,1,petra_csv_image,approved_by_petra_authorization,Petra authorized display of CSV-supplied product image URLs on telecomstore.net.
500308,500308,Eagle Aspen,Network Cabling & Connectors,2-WAY Splitter,petra_supplier_feed,petraimages.com.s3.amazonaws.com,working,200,image/jpeg,600,600,235250,,,,exact_mpn_catalog_association_visual_review_pending,medium,approved,1,petra_csv_image,approved_by_petra_authorization,Petra authorized display of CSV-supplied product image URLs on telecomstore.net.
500312,500312,Eagle Aspen,Network Cabling & Connectors,4-WAY Splitter,petra_supplier_feed,petraimages.com.s3.amazonaws.com,working,200,image/jpeg,600,600,220129,,,,exact_mpn_catalog_association_visual_review_pending,medium,approved,1,petra_csv_image,approved_by_petra_authorization,Petra authorized display of CSV-supplied product image URLs on telecomstore.net.
EIS3-1004-WHT,EIS3-1004-WHT,Energizer Connect,Network Equipment,6OT Smart Surge Protector,petra_supplier_feed,petraimages.com.s3.amazonaws.com,working,200,image/jpeg,600,600,139388,,,,exact_mpn_catalog_association_visual_review_pending,medium,approved,1,petra_csv_image,approved_by_petra_authorization,Petra authorized display of CSV-supplied product image URLs on telecomstore.net.
AS-HP-5R,AS-HP-5R,Helios,Network Equipment,5OUT 2USB Surge Wall Tap,petra_supplier_feed,petraimages.com.s3.amazonaws.com,working,200,image/jpeg,600,600,22503,,,,exact_mpn_catalog_association_visual_review_pending,medium,approved,1,petra_csv_image,approved_by_petra_authorization,Petra authorized display of CSV-supplied product image URLs on telecomstore.net.
CS-1X4HDMSPL5,CS-1X4HDMSPL5,Ethereal,Network Cabling & Connectors,1IN/4OUT HDMI Splitter,petra_supplier_feed,petraimages.com.s3.amazonaws.com,working,200,image/jpeg,600,600,29542,,,,exact_mpn_catalog_association_visual_review_pending,medium,approved,1,petra_csv_image,approved_by_petra_authorization,Petra authorized display of CSV-supplied product image URLs on telecomstore.net.
CS-C5DE,CS-C5DE,Ethereal,Network Cabling & Connectors,CAT5/6 Digital Aud Extension,petra_supplier_feed,petraimages.com.s3.amazonaws.com,working,200,image/jpeg,600,600,39958,,,,exact_mpn_catalog_association_visual_review_pending,medium,approved,1,petra_csv_image,approved_by_petra_authorization,Petra authorized display of CSV-supplied product image URLs on telecomstore.net.
CS-DAC2,CS-DAC2,Ethereal,Network Cabling & Connectors,Toslink/opt Spdif Converter,petra_supplier_feed,petraimages.com.s3.amazonaws.com,working,200,image/jpeg,600,600,31657,,,,exact_mpn_catalog_association_visual_review_pending,medium,approved,1,petra_csv_image,approved_by_petra_authorization,Petra authorized display of CSV-supplied product image URLs on telecomstore.net.
CS-HDEXT4KPOEU,CS-HDEXT4KPOEU,Ethereal,Network Cabling & Connectors,4K Extender Cat6 Black,petra_supplier_feed,petraimages.com.s3.amazonaws.com,working,200,image/jpeg,600,600,129736,,,,exact_mpn_catalog_association_visual_review_pending,medium,approved,1,petra_csv_image,approved_by_petra_authorization,Petra authorized display of CSV-supplied product image URLs on telecomstore.net.
MHX-LHDME12,MHX-LHDME12,Ethereal,Network Cabling & Connectors,12M HDMI Cable 10.2G,petra_supplier_feed,petraimages.com.s3.amazonaws.com,working,200,image/jpeg,600,600,22773,,,,exact_mpn_catalog_association_visual_review_pending,medium,approved,1,petra_csv_image,approved_by_petra_authorization,Petra authorized display of CSV-supplied product image URLs on telecomstore.net.
MHX-LHDME2,MHX-LHDME2,Ethereal,Network Cabling & Connectors,2M HDMI Cable 18G,petra_supplier_feed,petraimages.com.s3.amazonaws.com,working,200,image/jpeg,600,600,23074,,,sha256-1,exact_mpn_catalog_association_visual_review_pending,medium,approved,1,petra_csv_image,approved_by_petra_authorization,Petra authorized display of CSV-supplied product image URLs on telecomstore.net.
MHX-LHDME4,MHX-LHDME4,Ethereal,Network Cabling & Connectors,4M HDMI Cable 18G,petra_supplier_feed,petraimages.com.s3.amazonaws.com,working,200,image/jpeg,600,600,23074,,,sha256-1,exact_mpn_catalog_association_visual_review_pending,medium,approved,1,petra_csv_image,approved_by_petra_authorization,Petra authorized display of CSV-supplied product image URLs on telecomstore.net.
MHX-T15,MHX-T15,Ethereal,Network Cabling & Connectors,"MHX Series TOSLINK Digital Optical Audio Cable, 15 m",petra_supplier_feed,petraimages.com.s3.amazonaws.com,working,200,image/jpeg,600,600,296347,,,,exact_mpn_catalog_association_visual_review_pending,medium,approved,1,petra_csv_image,approved_by_petra_authorization,Petra authorized display of CSV-supplied product image URLs on telecomstore.net.
UHF-04M-S1234,UHF-04M-S1234,Gemini,Antennas & RF,UHF-04M Wireless Prof System,petra_supplier_feed,petraimages.com.s3.amazonaws.com,working,200,image/jpeg,600,600,179865,,,,exact_mpn_catalog_association_visual_review_pending,medium,approved,1,petra_csv_image,approved_by_petra_authorization,Petra authorized display of CSV-supplied product image URLs on telecomstore.net.
30-495,30-495,Ideal,Telecom Tools,Mod Plug Crimp Tool,petra_supplier_feed,petraimages.com.s3.amazonaws.com,working,200,image/jpeg,600,600,197758,,,,exact_mpn_catalog_association_visual_review_pending,medium,approved,1,petra_csv_image,approved_by_petra_authorization,Petra authorized display of CSV-supplied product image URLs on telecomstore.net.
31-340,31-340,Ideal,Cable Management,"Powr-Fish Heavy-Duty Pull Line, 6,500 ft",petra_supplier_feed,petraimages.com.s3.amazonaws.com,working,200,image/jpeg,600,600,81414,,,,exact_mpn_catalog_association_visual_review_pending,medium,approved,1,petra_csv_image,approved_by_petra_authorization,Petra authorized display of CSV-supplied product image URLs on telecomstore.net.
33-396,33-396,Ideal,Telecom Tools,RJ45/RJ11 Crimp Tool Kit,petra_supplier_feed,petraimages.com.s3.amazonaws.com,working,200,image/jpeg,600,600,205646,,,,exact_mpn_catalog_association_visual_review_pending,medium,approved,1,petra_csv_image,approved_by_petra_authorization,Petra authorized display of CSV-supplied product image URLs on telecomstore.net.
33-507,33-507,Ideal,Network Cabling & Connectors,RJ45 Trmnation Hip Kit,petra_supplier_feed,petraimages.com.s3.amazonaws.com,working,200,image/jpeg,600,600,47888,,,,exact_mpn_catalog_association_visual_review_pending,medium,approved,1,petra_csv_image,approved_by_petra_authorization,Petra authorized display of CSV-supplied product image URLs on telecomstore.net.
35-088,35-088,Ideal,Cable Management,Electr Scissors With Notch,petra_supplier_feed,petraimages.com.s3.amazonaws.com,working,200,image/jpeg,600,600,188976,,,,exact_mpn_catalog_association_visual_review_pending,medium,approved,1,petra_csv_image,approved_by_petra_authorization,Petra authorized display of CSV-supplied product image URLs on telecomstore.net.
45-121,45-121,Ideal,Telecom Tools,T-Stripper Wire Stripper for 14–24 Solid and 16–26 Stranded Wire,petra_supplier_feed,petraimages.com.s3.amazonaws.com,working,200,image/jpeg,600,600,223577,,,,exact_mpn_catalog_association_visual_review_pending,medium,approved,1,petra_csv_image,approved_by_petra_authorization,Petra authorized display of CSV-supplied product image URLs on telecomstore.net.
45-915,45-915,Ideal,Telecom Tools,Kinetic Reflex T-Stripper Wire Stripper,petra_supplier_feed,petraimages.com.s3.amazonaws.com,working,200,image/jpeg,600,600,28245,,,,exact_mpn_catalog_association_visual_review_pending,medium,approved,1,petra_csv_image,approved_by_petra_authorization,Petra authorized display of CSV-supplied product image URLs on telecomstore.net.
62-200,62-200,Ideal,Telecom Tools,Linkmaster Ethernet,petra_supplier_feed,petraimages.com.s3.amazonaws.com,working,200,image/jpeg,600,600,256650,,,,exact_mpn_catalog_association_visual_review_pending,medium,approved,1,petra_csv_image,approved_by_petra_authorization,Petra authorized display of CSV-supplied product image URLs on telecomstore.net.
85-366,85-366,Ideal,Network Cabling & Connectors,Cat6 RJ45 Plug 25/CD,petra_supplier_feed,petraimages.com.s3.amazonaws.com,working,200,image/jpeg,600,600,237735,,,,exact_mpn_catalog_association_visual_review_pending,medium,approved,1,petra_csv_image,approved_by_petra_authorization,Petra authorized display of CSV-supplied product image URLs on telecomstore.net.
85-368,85-368,Ideal,Network Cabling & Connectors,25PK CAT6/5 Mod Plug,petra_supplier_feed,petraimages.com.s3.amazonaws.com,working,200,image/jpeg,600,600,38495,,,,exact_mpn_catalog_association_visual_review_pending,medium,approved,1,petra_csv_image,approved_by_petra_authorization,Petra authorized display of CSV-supplied product image URLs on telecomstore.net.
85-369,85-369,Ideal,Network Cabling & Connectors,50PK CAT6/5 Mod Plug,petra_supplier_feed,petraimages.com.s3.amazonaws.com,working,200,image/jpeg,600,600,39131,,,,exact_mpn_catalog_association_visual_review_pending,medium,approved,1,petra_csv_image,approved_by_petra_authorization,Petra authorized display of CSV-supplied product image URLs on telecomstore.net.
85-371,85-371,Ideal,Network Cabling & Connectors,50PK Cat5e RJ45 Plugs,petra_supplier_feed,petraimages.com.s3.amazonaws.com,working,200,image/jpeg,600,600,225333,,,,exact_mpn_catalog_association_visual_review_pending,medium,approved,1,petra_csv_image,approved_by_petra_authorization,Petra authorized display of CSV-supplied product image URLs on telecomstore.net.
85-372,85-372,Ideal,Network Cabling & Connectors,100PK Cat5e RJ45 Plugs,petra_supplier_feed,petraimages.com.s3.amazonaws.com,working,200,image/jpeg,600,600,225331,,,,exact_mpn_catalog_association_visual_review_pending,medium,approved,1,petra_csv_image,approved_by_petra_authorization,Petra authorized display of CSV-supplied product image URLs on telecomstore.net.
85-376,85-376,Ideal,Network Cabling & Connectors,50PK Cat6 RJ45 Plugs,petra_supplier_feed,petraimages.com.s3.amazonaws.com,working,200,image/jpeg,600,600,203898,,,,exact_mpn_catalog_association_visual_review_pending,medium,approved,1,petra_csv_image,approved_by_petra_authorization,Petra authorized display of CSV-supplied product image URLs on telecomstore.net.
85-377,85-377,Ideal,Network Cabling & Connectors,100PK Cat6 RJ45 Plugs,petra_supplier_feed,petraimages.com.s3.amazonaws.com,working,200,image/jpeg,600,600,200742,,,,exact_mpn_catalog_association_visual_review_pending,medium,approved,1,petra_csv_image,approved_by_petra_authorization,Petra authorized display of CSV-supplied product image URLs on telecomstore.net.
86-396,86-396,Ideal,Network Cabling & Connectors,RJ45 Mod Plug Bag Of 100,petra_supplier_feed,petraimages.com.s3.amazonaws.com,working,200,image/jpeg,600,600,229381,,,,exact_mpn_catalog_association_visual_review_pending,medium,approved,1,petra_csv_image,approved_by_petra_authorization,Petra authorized display of CSV-supplied product image URLs on telecomstore.net.
89-5047,89-5047,Ideal,Network Cabling & Connectors,RG59 BNC Compression,petra_supplier_feed,petraimages.com.s3.amazonaws.com,working,200,image/jpeg,600,600,236146,,,,exact_mpn_catalog_association_visual_review_pending,medium,approved,1,petra_csv_image,approved_by_petra_authorization,Petra authorized display of CSV-supplied product image URLs on telecomstore.net.
DPS-1100 USB,DPS-1100 USB,Koblenz,Network Equipment,Desk Charging Station,petra_supplier_feed,petraimages.com.s3.amazonaws.com,working,200,image/jpeg,600,600,89507,,,,exact_mpn_catalog_association_visual_review_pending,medium,approved,1,petra_csv_image,approved_by_petra_authorization,Petra authorized display of CSV-supplied product image URLs on telecomstore.net.
KRA-22M,KRA-22M,Kenwood,Antennas & RF,UHF Antenna,petra_supplier_feed,petraimages.com.s3.amazonaws.com,working,200,image/jpeg,600,600,66119,,,,exact_mpn_catalog_association_visual_review_pending,medium,approved,1,petra_csv_image,approved_by_petra_authorization,Petra authorized display of CSV-supplied product image URLs on telecomstore.net.
KRA-23M,KRA-23M,Kenwood,Antennas & RF,VHF Antenna,petra_supplier_feed,petraimages.com.s3.amazonaws.com,working,200,image/jpeg,600,600,64907,,,,exact_mpn_catalog_association_visual_review_pending,medium,approved,1,petra_csv_image,approved_by_petra_authorization,Petra authorized display of CSV-supplied product image URLs on telecomstore.net.
56-200,56-200,Labor Saving Devices,Cable Management,Decoil-zit,petra_supplier_feed,petraimages.com.s3.amazonaws.com,working,200,image/jpeg,600,600,210666,,,,exact_mpn_catalog_association_visual_review_pending,medium,approved,1,petra_csv_image,approved_by_petra_authorization,Petra authorized display of CSV-supplied product image URLs on telecomstore.net.
81-000,81-000,Labor Saving Devices,Network Cabling & Connectors,Creepzit Pro 36FT Kit,petra_supplier_feed,petraimages.com.s3.amazonaws.com,working,200,image/jpeg,600,600,219982,,,,exact_mpn_catalog_association_visual_review_pending,medium,approved,1,petra_csv_image,approved_by_petra_authorization,Petra authorized display of CSV-supplied product image URLs on telecomstore.net.
81-130,81-130,Labor Saving Devices,Network Cabling & Connectors,Creep-zit Wire Running Kit,petra_supplier_feed,petraimages.com.s3.amazonaws.com,working,200,image/jpeg,600,600,612946,,,,exact_mpn_catalog_association_visual_review_pending,medium,approved,1,petra_csv_image,approved_by_petra_authorization,Petra authorized display of CSV-supplied product image URLs on telecomstore.net.
81-230,81-230,Labor Saving Devices,Network Cabling & Connectors,Connector Wire Rod Kit,petra_supplier_feed,petraimages.com.s3.amazonaws.com,working,200,image/jpeg,600,600,227979,,,,exact_mpn_catalog_association_visual_review_pending,medium,approved,1,petra_csv_image,approved_by_petra_authorization,Petra authorized display of CSV-supplied product image URLs on telecomstore.net.
81-600,81-600,Labor Saving Devices,Network Cabling & Connectors,Creepzit Compact 24FT Kit,petra_supplier_feed,petraimages.com.s3.amazonaws.com,working,200,image/jpeg,600,600,235704,,,,exact_mpn_catalog_association_visual_review_pending,medium,approved,1,petra_csv_image,approved_by_petra_authorization,Petra authorized display of CSV-supplied product image URLs on telecomstore.net.
81-700,81-700,Labor Saving Devices,Network Cabling & Connectors,Royrods Wire Running Kit,petra_supplier_feed,petraimages.com.s3.amazonaws.com,working,200,image/jpeg,600,600,239477,,,,exact_mpn_catalog_association_visual_review_pending,medium,approved,1,petra_csv_image,approved_by_petra_authorization,Petra authorized display of CSV-supplied product image URLs on telecomstore.net.
82-110,82-110,Labor Saving Devices,Network Cabling & Connectors,Grabbit Mini 10 ft Pole,petra_supplier_feed,petraimages.com.s3.amazonaws.com,working,200,image/jpeg,600,600,184567,,,,exact_mpn_catalog_association_visual_review_pending,medium,approved,1,petra_csv_image,approved_by_petra_authorization,Petra authorized display of CSV-supplied product image URLs on telecomstore.net.
82-118,82-118,Labor Saving Devices,Network Cabling & Connectors,18 ft Grabbit Pole,petra_supplier_feed,petraimages.com.s3.amazonaws.com,working,200,image/jpeg,600,600,193192,,,,exact_mpn_catalog_association_visual_review_pending,medium,approved,1,petra_csv_image,approved_by_petra_authorization,Petra authorized display of CSV-supplied product image URLs on telecomstore.net.
82-350,82-350,Labor Saving Devices,Cable Management,Grabbit Ztip Adapter,petra_supplier_feed,petraimages.com.s3.amazonaws.com,working,200,image/jpeg,600,600,179788,,,,exact_mpn_catalog_association_visual_review_pending,medium,approved,1,petra_csv_image,approved_by_petra_authorization,Petra authorized display of CSV-supplied product image URLs on telecomstore.net.
85-124,85-124,Labor Saving Devices,Cable Management,Wet Noodle & Retriever,petra_supplier_feed,petraimages.com.s3.amazonaws.com,working,200,image/jpeg,600,600,19792,,,,exact_mpn_catalog_association_visual_review_pending,medium,approved,1,petra_csv_image,approved_by_petra_authorization,Petra authorized display of CSV-supplied product image URLs on telecomstore.net.
33202,33202,Stanley,Network Equipment,4OUT Surgequad USB Surge,petra_supplier_feed,petraimages.com.s3.amazonaws.com,working,200,image/jpeg,600,600,93712,,,,exact_mpn_catalog_association_visual_review_pending,medium,approved,1,petra_csv_image,approved_by_petra_authorization,Petra authorized display of CSV-supplied product image URLs on telecomstore.net.
910-1001,910-1001,Nanuk,"Terminals, Jacks & Wall Plates",910 Case W/foam Black,petra_supplier_feed,petraimages.com.s3.amazonaws.com,working,200,image/jpeg,600,600,151984,,,,exact_mpn_catalog_association_visual_review_pending,medium,approved,1,petra_csv_image,approved_by_petra_authorization,Petra authorized display of CSV-supplied product image URLs on telecomstore.net.
925S-060BK-0A0,925S-060BK-0A0,Nanuk,"Terminals, Jacks & Wall Plates",925 Cam Case W/org Dividr,petra_supplier_feed,petraimages.com.s3.amazonaws.com,working,200,image/jpeg,600,600,228397,,,,exact_mpn_catalog_association_visual_review_pending,medium,approved,1,petra_csv_image,approved_by_petra_authorization,Petra authorized display of CSV-supplied product image URLs on telecomstore.net.
963-1001,963-1001,Nanuk,"Terminals, Jacks & Wall Plates",Case 963 With Foam Black,petra_supplier_feed,petraimages.com.s3.amazonaws.com,working,200,image/jpeg,600,600,119771,,,,exact_mpn_catalog_association_visual_review_pending,medium,approved,1,petra_csv_image,approved_by_petra_authorization,Petra authorized display of CSV-supplied product image URLs on telecomstore.net.
965-1001,965-1001,Nanuk,"Terminals, Jacks & Wall Plates",Case 965 With Foam Black,petra_supplier_feed,petraimages.com.s3.amazonaws.com,working,200,image/jpeg,600,600,134121,,,,exact_mpn_catalog_association_visual_review_pending,medium,approved,1,petra_csv_image,approved_by_petra_authorization,Petra authorized display of CSV-supplied product image URLs on telecomstore.net.
PB802105,PB802105,Prime,Network Equipment,1OUT 900J Surge Tap,petra_supplier_feed,petraimages.com.s3.amazonaws.com,working,200,image/jpeg,600,600,176781,,,,exact_mpn_catalog_association_visual_review_pending,medium,approved,1,petra_csv_image,approved_by_petra_authorization,Petra authorized display of CSV-supplied product image URLs on telecomstore.net.
PBRUSB346S-A,PBRUSB346S-A,Prime,Network Equipment,6OUT 1200J Surge Tap,petra_supplier_feed,petraimages.com.s3.amazonaws.com,working,200,image/jpeg,600,600,27683,,,,exact_mpn_catalog_association_visual_review_pending,medium,approved,1,petra_csv_image,approved_by_petra_authorization,Petra authorized display of CSV-supplied product image URLs on telecomstore.net.
PCBLCO102,PCBLCO102,Pyle,Cable Management,Cable Protector Ramp with Flip-Open Access Lid,petra_supplier_feed,petraimages.com.s3.amazonaws.com,working,200,image/jpeg,600,600,41072,,,,exact_mpn_catalog_association_visual_review_pending,medium,approved,1,petra_csv_image,approved_by_petra_authorization,Petra authorized display of CSV-supplied product image URLs on telecomstore.net.
PDWM2145,PDWM2145,Pyle,Antennas & RF,Fixed Freq Wireless Mic System,petra_supplier_feed,petraimages.com.s3.amazonaws.com,working,200,image/jpeg,600,600,238303,,,,exact_mpn_catalog_association_visual_review_pending,medium,approved,1,petra_csv_image,approved_by_petra_authorization,Petra authorized display of CSV-supplied product image URLs on telecomstore.net.
PDWM3375,PDWM3375,Pyle,Antennas & RF,2CH Wireless Mic System,petra_supplier_feed,petraimages.com.s3.amazonaws.com,working,200,image/jpeg,600,600,54148,,,,exact_mpn_catalog_association_visual_review_pending,medium,approved,1,petra_csv_image,approved_by_petra_authorization,Petra authorized display of CSV-supplied product image URLs on telecomstore.net.
PDWM3400,PDWM3400,Pyle,Antennas & RF,Premier Wireless Mic System,petra_supplier_feed,petraimages.com.s3.amazonaws.com,working,200,image/jpeg,600,600,117059,,,,exact_mpn_catalog_association_visual_review_pending,medium,approved,1,petra_csv_image,approved_by_petra_authorization,Petra authorized display of CSV-supplied product image URLs on telecomstore.net.
PDBC70,PDBC70,Pyle,Network Equipment,9O 15A Power Switch Control,petra_supplier_feed,petraimages.com.s3.amazonaws.com,working,200,image/jpeg,600,600,82090,,,,exact_mpn_catalog_association_visual_review_pending,medium,approved,1,petra_csv_image,approved_by_petra_authorization,Petra authorized display of CSV-supplied product image URLs on telecomstore.net.
PDWM4120,PDWM4120,Pyle,Antennas & RF,H&o UHF Wireless Mic System,petra_supplier_feed,petraimages.com.s3.amazonaws.com,working,200,image/jpeg,600,600,108772,,,,exact_mpn_catalog_association_visual_review_pending,medium,approved,1,petra_csv_image,approved_by_petra_authorization,Petra authorized display of CSV-supplied product image URLs on telecomstore.net.
AMP1450E,AMP1450E,RCA,Antennas & RF,Digi Amp For Indoor Antna,petra_supplier_feed,petraimages.com.s3.amazonaws.com,working,200,image/jpeg,600,600,103543,,,,exact_mpn_catalog_association_visual_review_pending,medium,approved,1,petra_csv_image,approved_by_petra_authorization,Petra authorized display of CSV-supplied product image URLs on telecomstore.net.
ANT111E,ANT111E,RCA,Antennas & RF,Indoor Passive Antenna,petra_supplier_feed,petraimages.com.s3.amazonaws.com,working,200,image/jpeg,600,600,73640,,,,exact_mpn_catalog_association_visual_review_pending,medium,approved,1,petra_csv_image,approved_by_petra_authorization,Petra authorized display of CSV-supplied product image URLs on telecomstore.net.
ANT1560E1,ANT1560E1,RCA,Antennas & RF,Amplified Indoor Flat Multi-Directional HDTV Antenna,petra_supplier_feed,petraimages.com.s3.amazonaws.com,working,200,image/jpeg,600,600,199376,,,,exact_mpn_catalog_association_visual_review_pending,medium,approved,1,petra_csv_image,approved_by_petra_authorization,Petra authorized display of CSV-supplied product image URLs on telecomstore.net.
ANT310E,ANT310E,RCA,Antennas & RF,Amplified Indoor Antna,petra_supplier_feed,petraimages.com.s3.amazonaws.com,working,200,image/jpeg,600,600,104470,,,,exact_mpn_catalog_association_visual_review_pending,medium,approved,1,petra_csv_image,approved_by_petra_authorization,Petra authorized display of CSV-supplied product image URLs on telecomstore.net.
ANT705E,ANT705E,RCA,Antennas & RF,Attic/outdoor Hdtv Antenna,petra_supplier_feed,petraimages.com.s3.amazonaws.com,working,200,image/jpeg,600,600,87624,,,,exact_mpn_catalog_association_visual_review_pending,medium,approved,1,petra_csv_image,approved_by_petra_authorization,Petra authorized display of CSV-supplied product image URLs on telecomstore.net.
ANT754E,ANT754E,RCA,Antennas & RF,Antenna Outdoor Attic Compa,petra_supplier_feed,petraimages.com.s3.amazonaws.com,working,200,image/jpeg,600,600,68752,,,,exact_mpn_catalog_association_visual_review_pending,medium,approved,1,petra_csv_image,approved_by_petra_authorization,Petra authorized display of CSV-supplied product image URLs on telecomstore.net.
DH12HHE,DH12HHE,RCA,Network Cabling & Connectors,12FT Dig Plus HDMI 2 HDMI,petra_supplier_feed,petraimages.com.s3.amazonaws.com,working,200,image/jpeg,600,600,154601,,,,exact_mpn_catalog_association_visual_review_pending,medium,approved,1,petra_csv_image,approved_by_petra_authorization,Petra authorized display of CSV-supplied product image URLs on telecomstore.net.
DH24SPE,DH24SPE,RCA,Network Cabling & Connectors,2.4GHZ 2WAY Digital Splitter,petra_supplier_feed,petraimages.com.s3.amazonaws.com,working,200,image/jpeg,600,600,265383,,,,exact_mpn_catalog_association_visual_review_pending,medium,approved,1,petra_csv_image,approved_by_petra_authorization,Petra authorized display of CSV-supplied product image URLs on telecomstore.net.
DH3HHE,DH3HHE,RCA,Network Cabling & Connectors,3FT HDMI Cable,petra_supplier_feed,petraimages.com.s3.amazonaws.com,working,200,image/jpeg,600,600,117327,,,,exact_mpn_catalog_association_visual_review_pending,medium,approved,1,petra_csv_image,approved_by_petra_authorization,Petra authorized display of CSV-supplied product image URLs on telecomstore.net.
DH6HHE,DH6HHE,RCA,Network Cabling & Connectors,6FT Dig Plus HDMI To HDMI,petra_supplier_feed,petraimages.com.s3.amazonaws.com,working,200,image/jpeg,600,600,115880,,,,exact_mpn_catalog_association_visual_review_pending,medium,approved,1,petra_csv_image,approved_by_petra_authorization,Petra authorized display of CSV-supplied product image URLs on telecomstore.net.
DV10RV,DV10RV,RCA,Network Cabling & Connectors,6FT Optical Cable Black,petra_supplier_feed,petraimages.com.s3.amazonaws.com,working,200,image/jpeg,600,600,120218,,,,exact_mpn_catalog_association_visual_review_pending,medium,approved,1,petra_csv_image,approved_by_petra_authorization,Petra authorized display of CSV-supplied product image URLs on telecomstore.net.
TP210WHRV,TP210WHRV,RCA,Telephone Equipment,7FT Mod Phone Cord White,petra_supplier_feed,petraimages.com.s3.amazonaws.com,working,200,image/jpeg,600,600,71996,,,,exact_mpn_catalog_association_visual_review_pending,medium,approved,1,petra_csv_image,approved_by_petra_authorization,Petra authorized display of CSV-supplied product image URLs on telecomstore.net.
TP231WHR,TP231WHR,RCA,Telephone Equipment,15FT Phone Line Cord White,petra_supplier_feed,petraimages.com.s3.amazonaws.com,working,200,image/jpeg,600,600,111812,,,,exact_mpn_catalog_association_visual_review_pending,medium,approved,1,petra_csv_image,approved_by_petra_authorization,Petra authorized display of CSV-supplied product image URLs on telecomstore.net.
TP243WHR,TP243WHR,RCA,Telephone Equipment,25FT Phone Line Cord White,petra_supplier_feed,petraimages.com.s3.amazonaws.com,working,200,image/jpeg,600,600,192443,,,,exact_mpn_catalog_association_visual_review_pending,medium,approved,1,petra_csv_image,approved_by_petra_authorization,Petra authorized display of CSV-supplied product image URLs on telecomstore.net.
TP257WHR,TP257WHR,RCA,"Terminals, Jacks & Wall Plates",Duplex Mod Jack White,petra_supplier_feed,petraimages.com.s3.amazonaws.com,working,200,image/jpeg,600,600,114578,,,,exact_mpn_catalog_association_visual_review_pending,medium,approved,1,petra_csv_image,approved_by_petra_authorization,Petra authorized display of CSV-supplied product image URLs on telecomstore.net.
TP265WHR,TP265WHR,RCA,"Terminals, Jacks & Wall Plates",Surf Mount Phone Jack White,petra_supplier_feed,petraimages.com.s3.amazonaws.com,working,200,image/jpeg,600,600,65579,,,,exact_mpn_catalog_association_visual_review_pending,medium,approved,1,petra_csv_image,approved_by_petra_authorization,Petra authorized display of CSV-supplied product image URLs on telecomstore.net.
TP280WRV,TP280WRV,RCA,Telephone Equipment,12FT Phone Coil Cord White,petra_supplier_feed,petraimages.com.s3.amazonaws.com,working,200,image/jpeg,600,600,100720,,,,exact_mpn_catalog_association_visual_review_pending,medium,approved,1,petra_csv_image,approved_by_petra_authorization,Petra authorized display of CSV-supplied product image URLs on telecomstore.net.
TP282AR,TP282AR,RCA,Telephone Equipment,25FT Phone Coil Cord Ivr,petra_supplier_feed,petraimages.com.s3.amazonaws.com,working,200,image/jpeg,600,600,240048,,,,exact_mpn_catalog_association_visual_review_pending,medium,approved,1,petra_csv_image,approved_by_petra_authorization,Petra authorized display of CSV-supplied product image URLs on telecomstore.net.
TP282BLRV,TP282BLRV,RCA,Telephone Equipment,"Standard Handset Coil Cord, 25 ft, Black",petra_supplier_feed,petraimages.com.s3.amazonaws.com,working,200,image/jpeg,600,600,220050,,,,exact_mpn_catalog_association_visual_review_pending,medium,approved,1,petra_csv_image,approved_by_petra_authorization,Petra authorized display of CSV-supplied product image URLs on telecomstore.net.
TP282WR,TP282WR,RCA,Telephone Equipment,25FT Handset Coil Cord With,petra_supplier_feed,petraimages.com.s3.amazonaws.com,working,200,image/jpeg,600,600,92642,,,,exact_mpn_catalog_association_visual_review_pending,medium,approved,1,petra_csv_image,approved_by_petra_authorization,Petra authorized display of CSV-supplied product image URLs on telecomstore.net.
TP443WHRV,TP443WHRV,RCA,Telephone Equipment,50FT Mod Phone Cord White,petra_supplier_feed,petraimages.com.s3.amazonaws.com,working,200,image/jpeg,600,600,128650,,,,exact_mpn_catalog_association_visual_review_pending,medium,approved,1,petra_csv_image,approved_by_petra_authorization,Petra authorized display of CSV-supplied product image URLs on telecomstore.net.
TPH530BR,TPH530BR,RCA,Network Cabling & Connectors,7 ft Cat5e Cable Blu,petra_supplier_feed,petraimages.com.s3.amazonaws.com,working,200,image/jpeg,600,600,175127,,,,exact_mpn_catalog_association_visual_review_pending,medium,approved,1,petra_csv_image,approved_by_petra_authorization,Petra authorized display of CSV-supplied product image URLs on telecomstore.net.
TPH532BR,TPH532BR,RCA,Network Cabling & Connectors,25FT Cat5e 100MHZ Cable Blu,petra_supplier_feed,petraimages.com.s3.amazonaws.com,working,200,image/jpeg,600,600,198428,,,,exact_mpn_catalog_association_visual_review_pending,medium,approved,1,petra_csv_image,approved_by_petra_authorization,Petra authorized display of CSV-supplied product image URLs on telecomstore.net.
TPH560R1V,TPH560R1V,RCA,Network Cabling & Connectors,CAT5E/6 in Line Coupler With,petra_supplier_feed,petraimages.com.s3.amazonaws.com,working,200,image/jpeg,600,600,120180,,,,exact_mpn_catalog_association_visual_review_pending,medium,approved,1,petra_csv_image,approved_by_petra_authorization,Petra authorized display of CSV-supplied product image URLs on telecomstore.net.
TPH633R,TPH633R,RCA,Network Cabling & Connectors,50FT Cat 6 Cable Black,petra_supplier_feed,petraimages.com.s3.amazonaws.com,working,200,image/jpeg,600,600,171818,,,,exact_mpn_catalog_association_visual_review_pending,medium,approved,1,petra_csv_image,approved_by_petra_authorization,Petra authorized display of CSV-supplied product image URLs on telecomstore.net.
VH125R,VH125R,RCA,Antennas & RF,4IN Antenna Wall Mount Kit,petra_supplier_feed,petraimages.com.s3.amazonaws.com,working,200,image/jpeg,600,600,118794,,,,exact_mpn_catalog_association_visual_review_pending,medium,approved,1,petra_csv_image,approved_by_petra_authorization,Petra authorized display of CSV-supplied product image URLs on telecomstore.net.
VH47R,VH47R,RCA,Network Cabling & Connectors,Two-way Splitter,petra_supplier_feed,petraimages.com.s3.amazonaws.com,working,200,image/jpeg,600,600,221528,,,,exact_mpn_catalog_association_visual_review_pending,medium,approved,1,petra_csv_image,approved_by_petra_authorization,Petra authorized display of CSV-supplied product image URLs on telecomstore.net.
VH603RV1,VH603RV1,RCA,Network Cabling & Connectors,3FT RG6 Cable Black,petra_supplier_feed,petraimages.com.s3.amazonaws.com,working,200,image/jpeg,600,600,156850,,,,exact_mpn_catalog_association_visual_review_pending,medium,approved,1,petra_csv_image,approved_by_petra_authorization,Petra authorized display of CSV-supplied product image URLs on telecomstore.net.
VH606R,VH606R,RCA,Network Cabling & Connectors,6FT RG6 Coax Cable Black,petra_supplier_feed,petraimages.com.s3.amazonaws.com,working,200,image/jpeg,600,600,145175,,,,exact_mpn_catalog_association_visual_review_pending,medium,approved,1,petra_csv_image,approved_by_petra_authorization,Petra authorized display of CSV-supplied product image URLs on telecomstore.net.
VH606WHR,VH606WHR,RCA,Network Cabling & Connectors,6FT RG6 Cable White,petra_supplier_feed,petraimages.com.s3.amazonaws.com,working,200,image/jpeg,600,600,148748,,,,exact_mpn_catalog_association_visual_review_pending,medium,approved,1,petra_csv_image,approved_by_petra_authorization,Petra authorized display of CSV-supplied product image URLs on telecomstore.net.
VH612R,VH612R,RCA,Network Cabling & Connectors,12FT RG6 Coax Cable Black,petra_supplier_feed,petraimages.com.s3.amazonaws.com,working,200,image/jpeg,600,600,190128,,,,exact_mpn_catalog_association_visual_review_pending,medium,approved,1,petra_csv_image,approved_by_petra_authorization,Petra authorized display of CSV-supplied product image URLs on telecomstore.net.
VH625RV,VH625RV,RCA,Network Cabling & Connectors,25FT RG6 Coax Cable Black,petra_supplier_feed,petraimages.com.s3.amazonaws.com,working,200,image/jpeg,600,600,122459,,,,exact_mpn_catalog_association_visual_review_pending,medium,approved,1,petra_csv_image,approved_by_petra_authorization,Petra authorized display of CSV-supplied product image URLs on telecomstore.net.
VH66R1,VH66R1,RCA,Network Cabling & Connectors,Coax Cable Feed Connector,petra_supplier_feed,petraimages.com.s3.amazonaws.com,working,200,image/jpeg,600,600,226250,,,,exact_mpn_catalog_association_visual_review_pending,medium,approved,1,petra_csv_image,approved_by_petra_authorization,Petra authorized display of CSV-supplied product image URLs on telecomstore.net.
VHB6111R,VHB6111R,RCA,Network Cabling & Connectors,100FT RG6 Coax Cable Black,petra_supplier_feed,petraimages.com.s3.amazonaws.com,working,200,image/jpeg,600,600,125020,,,,exact_mpn_catalog_association_visual_review_pending,medium,approved,1,petra_csv_image,approved_by_petra_authorization,Petra authorized display of CSV-supplied product image URLs on telecomstore.net.
VHB655R,VHB655R,RCA,Network Cabling & Connectors,50FT RG6 Coax Cable Black,petra_supplier_feed,petraimages.com.s3.amazonaws.com,working,200,image/jpeg,600,600,124199,,,,exact_mpn_catalog_association_visual_review_pending,medium,approved,1,petra_csv_image,approved_by_petra_authorization,Petra authorized display of CSV-supplied product image URLs on telecomstore.net.
VHEXT8E,VHEXT8E,RCA,Network Cabling & Connectors,Coax Extension Cable,petra_supplier_feed,petraimages.com.s3.amazonaws.com,working,200,image/jpeg,600,600,28699,,,,exact_mpn_catalog_association_visual_review_pending,medium,approved,1,petra_csv_image,approved_by_petra_authorization,Petra authorized display of CSV-supplied product image URLs on telecomstore.net.
VHFC015E,VHFC015E,RCA,Network Cabling & Connectors,Flat Coax Extnsn Cable,petra_supplier_feed,petraimages.com.s3.amazonaws.com,working,200,image/jpeg,600,600,12931,,,,exact_mpn_catalog_association_visual_review_pending,medium,approved,1,petra_csv_image,approved_by_petra_authorization,Petra authorized display of CSV-supplied product image URLs on telecomstore.net.
C380N,C380N,Eco4life,Network Equipment,4O Smart Surge Power Strip W/usb,petra_supplier_feed,petraimages.com.s3.amazonaws.com,working,200,image/jpeg,600,600,62645,,,,exact_mpn_catalog_association_visual_review_pending,medium,approved,1,petra_csv_image,approved_by_petra_authorization,Petra authorized display of CSV-supplied product image URLs on telecomstore.net.
84-213,84-213,Stanley,Telecom Tools,Wire Stripper & Cutter,petra_supplier_feed,petraimages.com.s3.amazonaws.com,working,200,image/jpeg,600,600,181076,,,,exact_mpn_catalog_association_visual_review_pending,medium,approved,1,petra_csv_image,approved_by_petra_authorization,Petra authorized display of CSV-supplied product image URLs on telecomstore.net.
AHD10-04290,AHD10-04290,Vericom,Network Cabling & Connectors,10FT HDMI 30AWG Black,petra_supplier_feed,petraimages.com.s3.amazonaws.com,working,200,image/jpeg,600,600,187599,,,,exact_mpn_catalog_association_visual_review_pending,medium,approved,1,petra_csv_image,approved_by_petra_authorization,Petra authorized display of CSV-supplied product image URLs on telecomstore.net.
AHD30-04293,AHD30-04293,Vericom,Network Cabling & Connectors,30FT HDMI 28AWG Black,petra_supplier_feed,petraimages.com.s3.amazonaws.com,working,200,image/jpeg,600,600,187617,,,,exact_mpn_catalog_association_visual_review_pending,medium,approved,1,petra_csv_image,approved_by_petra_authorization,Petra authorized display of CSV-supplied product image URLs on telecomstore.net.
AHD50-04294,AHD50-04294,Vericom,Network Cabling & Connectors,50FT HDMI 24AWG Black,petra_supplier_feed,petraimages.com.s3.amazonaws.com,working,200,image/jpeg,600,600,133893,,,,exact_mpn_catalog_association_visual_review_pending,medium,approved,1,petra_csv_image,approved_by_petra_authorization,Petra authorized display of CSV-supplied product image URLs on telecomstore.net.
MBW5U-00932,MBW5U-00932,Vericom,Network Cabling & Connectors,"CAT 5e U/UTP Solid Riser CMR Cable, 1,000 ft, Blue",petra_supplier_feed,petraimages.com.s3.amazonaws.com,working,200,image/jpeg,600,600,190279,,,,exact_mpn_catalog_association_visual_review_pending,medium,approved,1,petra_csv_image,approved_by_petra_authorization,Petra authorized display of CSV-supplied product image URLs on telecomstore.net.
MBW5U-01440,MBW5U-01440,Vericom,Network Cabling & Connectors,"CAT 5e U/UTP Solid Riser CMR Cable, 1,000 ft, Black",petra_supplier_feed,petraimages.com.s3.amazonaws.com,working,200,image/jpeg,600,600,190540,,,,exact_mpn_catalog_association_visual_review_pending,medium,approved,1,petra_csv_image,approved_by_petra_authorization,Petra authorized display of CSV-supplied product image URLs on telecomstore.net.
MBW5U-01441,MBW5U-01441,Vericom,Network Cabling & Connectors,"CAT 5e U/UTP Solid Riser CMR Cable, 1,000 ft, White",petra_supplier_feed,petraimages.com.s3.amazonaws.com,working,200,image/jpeg,600,600,187183,,,,exact_mpn_catalog_association_visual_review_pending,medium,approved,1,petra_csv_image,approved_by_petra_authorization,Petra authorized display of CSV-supplied product image URLs on telecomstore.net.
MBW5U-01443,MBW5U-01443,Vericom,Network Cabling & Connectors,"CAT 5e U/UTP Solid Riser CMR Cable, 1,000 ft, Yellow",petra_supplier_feed,petraimages.com.s3.amazonaws.com,working,200,image/jpeg,600,600,185955,,,,exact_mpn_catalog_association_visual_review_pending,medium,approved,1,petra_csv_image,approved_by_petra_authorization,Petra authorized display of CSV-supplied product image URLs on telecomstore.net.
MBW5U-01554,MBW5U-01554,Vericom,Network Cabling & Connectors,"CAT 5e U/UTP Solid Riser CMR Cable, 1,000 ft, Red",petra_supplier_feed,petraimages.com.s3.amazonaws.com,working,200,image/jpeg,600,600,186345,,,,exact_mpn_catalog_association_visual_review_pending,medium,approved,1,petra_csv_image,approved_by_petra_authorization,Petra authorized display of CSV-supplied product image URLs on telecomstore.net.
MBW6U-00934,MBW6U-00934,Vericom,Network Cabling & Connectors,"CAT 6 U/UTP Solid Riser CMR Cable, 1,000 ft, Blue",petra_supplier_feed,petraimages.com.s3.amazonaws.com,working,200,image/jpeg,600,600,200439,,,,exact_mpn_catalog_association_visual_review_pending,medium,approved,1,petra_csv_image,approved_by_petra_authorization,Petra authorized display of CSV-supplied product image URLs on telecomstore.net.
MBW6U-01444,MBW6U-01444,Vericom,Network Cabling & Connectors,"CAT 6 U/UTP Solid Riser CMR Cable, 1,000 ft, White",petra_supplier_feed,petraimages.com.s3.amazonaws.com,working,200,image/jpeg,600,600,194424,,,,exact_mpn_catalog_association_visual_review_pending,medium,approved,1,petra_csv_image,approved_by_petra_authorization,Petra authorized display of CSV-supplied product image URLs on telecomstore.net.
MBW6U-01445,MBW6U-01445,Vericom,Network Cabling & Connectors,"CAT 6 U/UTP Solid Riser CMR Cable, 1,000 ft, Yellow",petra_supplier_feed,petraimages.com.s3.amazonaws.com,working,200,image/jpeg,600,600,194855,,,,exact_mpn_catalog_association_visual_review_pending,medium,approved,1,petra_csv_image,approved_by_petra_authorization,Petra authorized display of CSV-supplied product image URLs on telecomstore.net.
MKJ6U-01352,MKJ6U-01352,Vericom,Network Cabling & Connectors,Kest Coupler Cat6 Unshld Black,petra_supplier_feed,petraimages.com.s3.amazonaws.com,working,200,image/jpeg,600,600,93796,,,,exact_mpn_catalog_association_visual_review_pending,medium,approved,1,petra_csv_image,approved_by_petra_authorization,Petra authorized display of CSV-supplied product image URLs on telecomstore.net.
WTCXC-03634,WTCXC-03634,Vericom,Telecom Tools,Coax Hex Crimp Tool,petra_supplier_feed,petraimages.com.s3.amazonaws.com,working,200,image/jpeg,600,600,38633,,,,exact_mpn_catalog_association_visual_review_pending,medium,approved,1,petra_csv_image,approved_by_petra_authorization,Petra authorized display of CSV-supplied product image URLs on telecomstore.net.
WTCXS-03631,WTCXS-03631,Vericom,Telecom Tools,Universal Coax Strip Tool,petra_supplier_feed,petraimages.com.s3.amazonaws.com,working,200,image/jpeg,600,600,29110,,,,exact_mpn_catalog_association_visual_review_pending,medium,approved,1,petra_csv_image,approved_by_petra_authorization,Petra authorized display of CSV-supplied product image URLs on telecomstore.net.
WTRJC-03632,WTRJC-03632,Vericom,Telecom Tools,Modular Crimp/strip Tool,petra_supplier_feed,petraimages.com.s3.amazonaws.com,working,200,image/jpeg,600,600,40785,,,,exact_mpn_catalog_association_visual_review_pending,medium,approved,1,petra_csv_image,approved_by_petra_authorization,Petra authorized display of CSV-supplied product image URLs on telecomstore.net.
XHD03-04252,XHD03-04252,Vericom,Network Cabling & Connectors,3FT HDMI Cable With Ethernet Black,petra_supplier_feed,petraimages.com.s3.amazonaws.com,working,200,image/jpeg,600,600,103423,,,,exact_mpn_catalog_association_visual_review_pending,medium,approved,1,petra_csv_image,approved_by_petra_authorization,Petra authorized display of CSV-supplied product image URLs on telecomstore.net.
XHD01-04253,XHD01-04253,Vericom,Network Cabling & Connectors,6FT HDMI Cable With Ethernet Black,petra_supplier_feed,petraimages.com.s3.amazonaws.com,working,200,image/jpeg,600,600,94339,,,,exact_mpn_catalog_association_visual_review_pending,medium,approved,1,petra_csv_image,approved_by_petra_authorization,Petra authorized display of CSV-supplied product image URLs on telecomstore.net.
XHD01-04254,XHD01-04254,Vericom,Network Cabling & Connectors,10FT HDMI Cable With Ethernet Black,petra_supplier_feed,petraimages.com.s3.amazonaws.com,working,200,image/jpeg,600,600,137671,,,,exact_mpn_catalog_association_visual_review_pending,medium,approved,1,petra_csv_image,approved_by_petra_authorization,Petra authorized display of CSV-supplied product image URLs on telecomstore.net.
XHD01-04255,XHD01-04255,Vericom,Network Cabling & Connectors,12FT HDMI Cable With Ethernet Black,petra_supplier_feed,petraimages.com.s3.amazonaws.com,working,200,image/jpeg,600,600,124391,,,,exact_mpn_catalog_association_visual_review_pending,medium,approved,1,petra_csv_image,approved_by_petra_authorization,Petra authorized display of CSV-supplied product image URLs on telecomstore.net.
XHD01-04260,XHD01-04260,Vericom,Network Cabling & Connectors,12FT HDMI Cable With Ethernet White,petra_supplier_feed,petraimages.com.s3.amazonaws.com,working,200,image/jpeg,600,600,95604,,,,exact_mpn_catalog_association_visual_review_pending,medium,approved,1,petra_csv_image,approved_by_petra_authorization,Petra authorized display of CSV-supplied product image URLs on telecomstore.net.
XRG06-02404,XRG06-02404,Vericom,Network Cabling & Connectors,1000FT RG6 Dual Shield Cable,petra_supplier_feed,petraimages.com.s3.amazonaws.com,working,200,image/jpeg,600,600,19801,,,,exact_mpn_catalog_association_visual_review_pending,medium,approved,1,petra_csv_image,approved_by_petra_authorization,Petra authorized display of CSV-supplied product image URLs on telecomstore.net.
TLP1008TELTV,TLP1008TELTV,Tripp Lite by Eaton,Network Cabling & Connectors,10 Outlet Surge,petra_supplier_feed,petraimages.com.s3.amazonaws.com,working,200,image/jpeg,600,600,203461,,,,exact_mpn_catalog_association_visual_review_pending,medium,approved,1,petra_csv_image,approved_by_petra_authorization,Petra authorized display of CSV-supplied product image URLs on telecomstore.net.
TLP1208TELTV,TLP1208TELTV,Tripp Lite by Eaton,Network Cabling & Connectors,12OUT Surge With Coax/tel,petra_supplier_feed,petraimages.com.s3.amazonaws.com,working,200,image/jpeg,600,600,215625,,,,exact_mpn_catalog_association_visual_review_pending,medium,approved,1,petra_csv_image,approved_by_petra_authorization,Petra authorized display of CSV-supplied product image URLs on telecomstore.net.
A102-02M,A102-02M,Tripp Lite by Eaton,Network Cabling & Connectors,6FT Digital Optical Cable,petra_supplier_feed,petraimages.com.s3.amazonaws.com,working,200,image/jpeg,600,600,190958,,,,exact_mpn_catalog_association_visual_review_pending,medium,approved,1,petra_csv_image,approved_by_petra_authorization,Petra authorized display of CSV-supplied product image URLs on telecomstore.net.
A102-04M,A102-04M,Tripp Lite by Eaton,Network Cabling & Connectors,13FT Digital Optical Cable,petra_supplier_feed,petraimages.com.s3.amazonaws.com,working,200,image/jpeg,600,600,188444,,,,exact_mpn_catalog_association_visual_review_pending,medium,approved,1,petra_csv_image,approved_by_petra_authorization,Petra authorized display of CSV-supplied product image URLs on telecomstore.net.
AVR750UNC,AVR750UNC,Tripp Lite by Eaton,Network Cabling & Connectors,12O 750VA 450W Li Cloud Ups,petra_supplier_feed,petraimages.com.s3.amazonaws.com,working,200,image/jpeg,600,600,113866,,,,exact_mpn_catalog_association_visual_review_pending,medium,approved,1,petra_csv_image,approved_by_petra_authorization,Petra authorized display of CSV-supplied product image URLs on telecomstore.net.
B118-008E-UHD-2,B118-008E-UHD-2,Tripp Lite by Eaton,Antennas & RF,8PRT 4K HDMI Splitter,petra_supplier_feed,petraimages.com.s3.amazonaws.com,working,200,image/jpeg,600,600,40770,,,,exact_mpn_catalog_association_visual_review_pending,medium,approved,1,petra_csv_image,approved_by_petra_authorization,Petra authorized display of CSV-supplied product image URLs on telecomstore.net.
BC600RNC,BC600RNC,Tripp Lite by Eaton,Network Equipment,Cloud-Connected 600 VA/300 W Desktop UPS with 4 AC Outlets,petra_supplier_feed,petraimages.com.s3.amazonaws.com,working,200,image/jpeg,600,600,78244,,,,exact_mpn_catalog_association_visual_review_pending,medium,approved,1,petra_csv_image,approved_by_petra_authorization,Petra authorized display of CSV-supplied product image URLs on telecomstore.net.
ISOBAR6 ULTRA,ISOBAR6 ULTRA,Tripp Lite by Eaton,Network Equipment,6 Out Surge With 6FT Cord,petra_supplier_feed,petraimages.com.s3.amazonaws.com,working,200,image/jpeg,600,600,262087,,,,exact_mpn_catalog_association_visual_review_pending,medium,approved,1,petra_csv_image,approved_by_petra_authorization,Petra authorized display of CSV-supplied product image URLs on telecomstore.net.
LC1200,LC1200,Tripp Lite by Eaton,Network Equipment,1200W 120V Line Conditioner,petra_supplier_feed,petraimages.com.s3.amazonaws.com,working,200,image/jpeg,600,600,102425,,,,exact_mpn_catalog_association_visual_review_pending,medium,approved,1,petra_csv_image,approved_by_petra_authorization,Petra authorized display of CSV-supplied product image URLs on telecomstore.net.
LC2400,LC2400,Tripp Lite by Eaton,Network Equipment,2400W 120V Power Conditioner,petra_supplier_feed,petraimages.com.s3.amazonaws.com,working,200,image/jpeg,600,600,102573,,,,exact_mpn_catalog_association_visual_review_pending,medium,approved,1,petra_csv_image,approved_by_petra_authorization,Petra authorized display of CSV-supplied product image URLs on telecomstore.net.
N001-025-BK,N001-025-BK,Tripp Lite by Eaton,Network Cabling & Connectors,Cat5e 350MHZ Cable 25 ft,petra_supplier_feed,petraimages.com.s3.amazonaws.com,working,200,image/jpeg,600,600,213351,,,,exact_mpn_catalog_association_visual_review_pending,medium,approved,1,petra_csv_image,approved_by_petra_authorization,Petra authorized display of CSV-supplied product image URLs on telecomstore.net.
N001-050-BK,N001-050-BK,Tripp Lite by Eaton,Network Cabling & Connectors,Cat5e Patch Cable 50 ft,petra_supplier_feed,petraimages.com.s3.amazonaws.com,working,200,image/jpeg,600,600,185037,,,,exact_mpn_catalog_association_visual_review_pending,medium,approved,1,petra_csv_image,approved_by_petra_authorization,Petra authorized display of CSV-supplied product image URLs on telecomstore.net.
N032-001,N032-001,Tripp Lite by Eaton,Network Cabling & Connectors,Cat5e RJ45 Inline Couplr,petra_supplier_feed,petraimages.com.s3.amazonaws.com,working,200,image/jpeg,600,600,216754,,,,exact_mpn_catalog_association_visual_review_pending,medium,approved,1,petra_csv_image,approved_by_petra_authorization,Petra authorized display of CSV-supplied product image URLs on telecomstore.net.
N201-007-BL,N201-007-BL,Tripp Lite by Eaton,Network Cabling & Connectors,"CAT 6 Gigabit Snagless Stranded UTP Ethernet Cable, 7 ft, Blue",petra_supplier_feed,petraimages.com.s3.amazonaws.com,working,200,image/jpeg,600,600,206839,,,,exact_mpn_catalog_association_visual_review_pending,medium,approved,1,petra_csv_image,approved_by_petra_authorization,Petra authorized display of CSV-supplied product image URLs on telecomstore.net.
N201-007-WH,N201-007-WH,Tripp Lite by Eaton,Network Cabling & Connectors,7FT Cat6 Gigabit Snagless,petra_supplier_feed,petraimages.com.s3.amazonaws.com,working,200,image/jpeg,600,600,173327,,,,exact_mpn_catalog_association_visual_review_pending,medium,approved,1,petra_csv_image,approved_by_petra_authorization,Petra authorized display of CSV-supplied product image URLs on telecomstore.net.
N201-014-BL,N201-014-BL,Tripp Lite by Eaton,Network Cabling & Connectors,"CAT 6 Gigabit Snagless Solid UTP Ethernet Cable, 14 ft, Blue",petra_supplier_feed,petraimages.com.s3.amazonaws.com,working,200,image/jpeg,600,600,186643,,,,exact_mpn_catalog_association_visual_review_pending,medium,approved,1,petra_csv_image,approved_by_petra_authorization,Petra authorized display of CSV-supplied product image URLs on telecomstore.net.
N201-025-BL,N201-025-BL,Tripp Lite by Eaton,Network Cabling & Connectors,"CAT 6 Gigabit Snagless Solid UTP Ethernet Cable, 25 ft, Blue",petra_supplier_feed,petraimages.com.s3.amazonaws.com,working,200,image/jpeg,600,600,175770,,,,exact_mpn_catalog_association_visual_review_pending,medium,approved,1,petra_csv_image,approved_by_petra_authorization,Petra authorized display of CSV-supplied product image URLs on telecomstore.net.
N201-050-BL,N201-050-BL,Tripp Lite by Eaton,Network Cabling & Connectors,"CAT 6 Gigabit Snagless Solid UTP Ethernet Cable, 50 ft, Blue",petra_supplier_feed,petraimages.com.s3.amazonaws.com,working,200,image/jpeg,600,600,180756,,,,exact_mpn_catalog_association_visual_review_pending,medium,approved,1,petra_csv_image,approved_by_petra_authorization,Petra authorized display of CSV-supplied product image URLs on telecomstore.net.
N201-100-BL,N201-100-BL,Tripp Lite by Eaton,Network Cabling & Connectors,"CAT 6 Gigabit Snagless Solid UTP Ethernet Cable, 100 ft, Blue",petra_supplier_feed,petraimages.com.s3.amazonaws.com,working,200,image/jpeg,600,600,180758,,,,exact_mpn_catalog_association_visual_review_pending,medium,approved,1,petra_csv_image,approved_by_petra_authorization,Petra authorized display of CSV-supplied product image URLs on telecomstore.net.
N201-015-BL,N201-015-BL,Tripp Lite by Eaton,Network Cabling & Connectors,15FT Cat6 Snagless RJ45 Cable,petra_supplier_feed,petraimages.com.s3.amazonaws.com,working,200,image/jpeg,600,600,105298,,,,exact_mpn_catalog_association_visual_review_pending,medium,approved,1,petra_csv_image,approved_by_petra_authorization,Petra authorized display of CSV-supplied product image URLs on telecomstore.net.
P131-06N,P131-06N,Tripp Lite by Eaton,"Terminals, Jacks & Wall Plates",Hdmi/vga With Audio Converter,petra_supplier_feed,petraimages.com.s3.amazonaws.com,working,200,image/jpeg,600,600,80027,,,,exact_mpn_catalog_association_visual_review_pending,medium,approved,1,petra_csv_image,approved_by_petra_authorization,Petra authorized display of CSV-supplied product image URLs on telecomstore.net.
P502-006,P502-006,Tripp Lite by Eaton,Network Cabling & Connectors,Svga Monitor Cable 6F-,petra_supplier_feed,petraimages.com.s3.amazonaws.com,working,200,image/jpeg,600,600,222693,,,,exact_mpn_catalog_association_visual_review_pending,medium,approved,1,petra_csv_image,approved_by_petra_authorization,Petra authorized display of CSV-supplied product image URLs on telecomstore.net.
P569-006-MF,P569-006-MF,Tripp Lite by Eaton,Network Cabling & Connectors,4K HDMI Extension Cable With Ethernet,petra_supplier_feed,petraimages.com.s3.amazonaws.com,working,200,image/jpeg,600,600,251898,,,,exact_mpn_catalog_association_visual_review_pending,medium,approved,1,petra_csv_image,approved_by_petra_authorization,Petra authorized display of CSV-supplied product image URLs on telecomstore.net.
P570-006-MICRO,P570-006-MICRO,Tripp Lite by Eaton,Network Cabling & Connectors,HDMI To Microhdmi Cable 6FT,petra_supplier_feed,petraimages.com.s3.amazonaws.com,working,200,image/jpeg,600,600,207703,,,,exact_mpn_catalog_association_visual_review_pending,medium,approved,1,petra_csv_image,approved_by_petra_authorization,Petra authorized display of CSV-supplied product image URLs on telecomstore.net.
SMART1200XLHG,SMART1200XLHG,Tripp Lite by Eaton,Network Equipment,4O 120V 1KVA 750W Med Ups,petra_supplier_feed,petraimages.com.s3.amazonaws.com,working,200,image/jpeg,600,600,108367,,,,exact_mpn_catalog_association_visual_review_pending,medium,approved,1,petra_csv_image,approved_by_petra_authorization,Petra authorized display of CSV-supplied product image URLs on telecomstore.net.
SMART1500LCD,SMART1500LCD,Tripp Lite by Eaton,Network Equipment,1500VA Lcd Ups,petra_supplier_feed,petraimages.com.s3.amazonaws.com,working,200,image/jpeg,600,600,59459,,,,exact_mpn_catalog_association_visual_review_pending,medium,approved,1,petra_csv_image,approved_by_petra_authorization,Petra authorized display of CSV-supplied product image URLs on telecomstore.net.
SPIKECUBE,SPIKECUBE,Tripp Lite by Eaton,Network Equipment,1OUT 600J Spikecube Surge,petra_supplier_feed,petraimages.com.s3.amazonaws.com,working,200,image/jpeg,600,600,78428,,,,exact_mpn_catalog_association_visual_review_pending,medium,approved,1,petra_csv_image,approved_by_petra_authorization,Petra authorized display of CSV-supplied product image URLs on telecomstore.net.
SUPER7,SUPER7,Tripp Lite by Eaton,Network Equipment,7 Outlet Surge Protector,petra_supplier_feed,petraimages.com.s3.amazonaws.com,working,200,image/jpeg,600,600,29093,,,,exact_mpn_catalog_association_visual_review_pending,medium,approved,1,petra_csv_image,approved_by_petra_authorization,Petra authorized display of CSV-supplied product image URLs on telecomstore.net.
SUPER725B,SUPER725B,Tripp Lite by Eaton,Network Equipment,25FT 7OUT 2160J Surge,petra_supplier_feed,petraimages.com.s3.amazonaws.com,working,200,image/jpeg,600,600,29957,,,,exact_mpn_catalog_association_visual_review_pending,medium,approved,1,petra_csv_image,approved_by_petra_authorization,Petra authorized display of CSV-supplied product image URLs on telecomstore.net.
SUPER7B,SUPER7B,Tripp Lite by Eaton,Network Equipment,7-OTLT Surge Protector 2160 Joules,petra_supplier_feed,petraimages.com.s3.amazonaws.com,working,200,image/jpeg,600,600,193829,,,,exact_mpn_catalog_association_visual_review_pending,medium,approved,1,petra_csv_image,approved_by_petra_authorization,Petra authorized display of CSV-supplied product image URLs on telecomstore.net.
SWIVEL6USB,SWIVEL6USB,Tripp Lite by Eaton,Network Equipment,6OUT Direct Plug Surge,petra_supplier_feed,petraimages.com.s3.amazonaws.com,working,200,image/jpeg,600,600,117293,,,,exact_mpn_catalog_association_visual_review_pending,medium,approved,1,petra_csv_image,approved_by_petra_authorization,Petra authorized display of CSV-supplied product image URLs on telecomstore.net.
TLM609SA,TLM609SA,Tripp Lite by Eaton,Network Equipment,9FT 6O Protect It Surge,petra_supplier_feed,petraimages.com.s3.amazonaws.com,working,200,image/jpeg,600,600,87985,,,,exact_mpn_catalog_association_visual_review_pending,medium,approved,1,petra_csv_image,approved_by_petra_authorization,Petra authorized display of CSV-supplied product image URLs on telecomstore.net.
TLM615SA,TLM615SA,Tripp Lite by Eaton,Network Equipment,15FT 6O Protect It Surge,petra_supplier_feed,petraimages.com.s3.amazonaws.com,working,200,image/jpeg,600,600,87985,,,,exact_mpn_catalog_association_visual_review_pending,medium,approved,1,petra_csv_image,approved_by_petra_authorization,Petra authorized display of CSV-supplied product image URLs on telecomstore.net.
TLP1006B,TLP1006B,Tripp Lite by Eaton,Network Equipment,6FT 10OUT 2880J Surge Black,petra_supplier_feed,petraimages.com.s3.amazonaws.com,working,200,image/jpeg,600,600,205671,,,,exact_mpn_catalog_association_visual_review_pending,medium,approved,1,petra_csv_image,approved_by_petra_authorization,Petra authorized display of CSV-supplied product image URLs on telecomstore.net.
TLP1208SAT,TLP1208SAT,Tripp Lite by Eaton,Network Cabling & Connectors,12OUT Protect It Surge,petra_supplier_feed,petraimages.com.s3.amazonaws.com,working,200,image/jpeg,600,600,158535,,,,exact_mpn_catalog_association_visual_review_pending,medium,approved,1,petra_csv_image,approved_by_petra_authorization,Petra authorized display of CSV-supplied product image URLs on telecomstore.net.
TLP1208TEL,TLP1208TEL,Tripp Lite by Eaton,Network Equipment,8FT 12OUT 2160J Surge,petra_supplier_feed,petraimages.com.s3.amazonaws.com,working,200,image/jpeg,600,600,60830,,,,exact_mpn_catalog_association_visual_review_pending,medium,approved,1,petra_csv_image,approved_by_petra_authorization,Petra authorized display of CSV-supplied product image URLs on telecomstore.net.
TLP128TTUSBB,TLP128TTUSBB,Tripp Lite by Eaton,Network Cabling & Connectors,12OUT 8FT Plastic Surge,petra_supplier_feed,petraimages.com.s3.amazonaws.com,working,200,image/jpeg,600,600,40475,,,,exact_mpn_catalog_association_visual_review_pending,medium,approved,1,petra_csv_image,approved_by_petra_authorization,Petra authorized display of CSV-supplied product image URLs on telecomstore.net.
TLP310USBC,TLP310USBC,Tripp Lite by Eaton,Network Equipment,10FT 510J 3OUT Surge Black,petra_supplier_feed,petraimages.com.s3.amazonaws.com,working,200,image/jpeg,600,600,105639,,,,exact_mpn_catalog_association_visual_review_pending,medium,approved,1,petra_csv_image,approved_by_petra_authorization,Petra authorized display of CSV-supplied product image URLs on telecomstore.net.
TLP4BK,TLP4BK,Tripp Lite by Eaton,Network Equipment,4OUT 720J Surge Black,petra_supplier_feed,petraimages.com.s3.amazonaws.com,working,200,image/jpeg,600,600,101084,,,,exact_mpn_catalog_association_visual_review_pending,medium,approved,1,petra_csv_image,approved_by_petra_authorization,Petra authorized display of CSV-supplied product image URLs on telecomstore.net.
TLP604,TLP604,Tripp Lite by Eaton,Network Equipment,6 Out Surge Protector 4FT Cord,petra_supplier_feed,petraimages.com.s3.amazonaws.com,working,200,image/jpeg,600,600,178609,,,,exact_mpn_catalog_association_visual_review_pending,medium,approved,1,petra_csv_image,approved_by_petra_authorization,Petra authorized display of CSV-supplied product image URLs on telecomstore.net.
TLP606DMUSB,TLP606DMUSB,Tripp Lite by Eaton,Network Equipment,6-OTLT Surge W/clamps,petra_supplier_feed,petraimages.com.s3.amazonaws.com,working,200,image/jpeg,600,600,91901,,,,exact_mpn_catalog_association_visual_review_pending,medium,approved,1,petra_csv_image,approved_by_petra_authorization,Petra authorized display of CSV-supplied product image URLs on telecomstore.net.
TLP610U30CLAMPB,TLP610U30CLAMPB,Tripp Lite by Eaton,Network Equipment,"Protect It Desk Clamp Surge Protector with 6 AC Outlets and 2 USB Ports, 10 ft",petra_supplier_feed,petraimages.com.s3.amazonaws.com,working,200,image/jpeg,600,600,88134,,,,exact_mpn_catalog_association_visual_review_pending,medium,approved,1,petra_csv_image,approved_by_petra_authorization,Petra authorized display of CSV-supplied product image URLs on telecomstore.net.
TLP648USBC,TLP648USBC,Tripp Lite by Eaton,Network Equipment,6OUT 8FT Desk Clamp Surge,petra_supplier_feed,petraimages.com.s3.amazonaws.com,working,200,image/jpeg,600,600,31918,,,,exact_mpn_catalog_association_visual_review_pending,medium,approved,1,petra_csv_image,approved_by_petra_authorization,Petra authorized display of CSV-supplied product image URLs on telecomstore.net.
TLP6B,TLP6B,Tripp Lite by Eaton,Network Equipment,6 Out Surge Protector 6FT Cord,petra_supplier_feed,petraimages.com.s3.amazonaws.com,working,200,image/jpeg,600,600,196995,,,,exact_mpn_catalog_association_visual_review_pending,medium,approved,1,petra_csv_image,approved_by_petra_authorization,Petra authorized display of CSV-supplied product image URLs on telecomstore.net.
TLP74RB,TLP74RB,Tripp Lite by Eaton,Network Equipment,7OUTLT Surge Protectr,petra_supplier_feed,petraimages.com.s3.amazonaws.com,working,200,image/jpeg,600,600,195852,,,,exact_mpn_catalog_association_visual_review_pending,medium,approved,1,petra_csv_image,approved_by_petra_authorization,Petra authorized display of CSV-supplied product image URLs on telecomstore.net.
TLP76MSG,TLP76MSG,Tripp Lite by Eaton,Network Equipment,7 Out Surge Protector 6FT Cord,petra_supplier_feed,petraimages.com.s3.amazonaws.com,working,200,image/jpeg,600,600,187513,,,,exact_mpn_catalog_association_visual_review_pending,medium,approved,1,petra_csv_image,approved_by_petra_authorization,Petra authorized display of CSV-supplied product image URLs on telecomstore.net.
TLP76MSGB,TLP76MSGB,Tripp Lite by Eaton,Network Equipment,6FT 7OUT 1080J Surge Black,petra_supplier_feed,petraimages.com.s3.amazonaws.com,working,200,image/jpeg,600,600,34330,,,,exact_mpn_catalog_association_visual_review_pending,medium,approved,1,petra_csv_image,approved_by_petra_authorization,Petra authorized display of CSV-supplied product image URLs on telecomstore.net.
TLP808B,TLP808B,Tripp Lite by Eaton,Network Equipment,8FT 8OUT 1440J Surge Black,petra_supplier_feed,petraimages.com.s3.amazonaws.com,working,200,image/jpeg,600,600,53460,,,,exact_mpn_catalog_association_visual_review_pending,medium,approved,1,petra_csv_image,approved_by_petra_authorization,Petra authorized display of CSV-supplied product image URLs on telecomstore.net.
TLP810NET,TLP810NET,Tripp Lite by Eaton,Network Cabling & Connectors,8 Outlet + Phone Lan,petra_supplier_feed,petraimages.com.s3.amazonaws.com,working,200,image/jpeg,600,600,130811,,,,exact_mpn_catalog_association_visual_review_pending,medium,approved,1,petra_csv_image,approved_by_petra_authorization,Petra authorized display of CSV-supplied product image URLs on telecomstore.net.
TLP864USBB,TLP864USBB,Tripp Lite by Eaton,Network Equipment,8OUT 6FT Plastic Surge,petra_supplier_feed,petraimages.com.s3.amazonaws.com,working,200,image/jpeg,600,600,38316,,,,exact_mpn_catalog_association_visual_review_pending,medium,approved,1,petra_csv_image,approved_by_petra_authorization,Petra authorized display of CSV-supplied product image URLs on telecomstore.net.
TLP88TUSBB,TLP88TUSBB,Tripp Lite by Eaton,Network Equipment,8OUT 8FT Plastic Surge,petra_supplier_feed,petraimages.com.s3.amazonaws.com,working,200,image/jpeg,600,600,52876,,,,exact_mpn_catalog_association_visual_review_pending,medium,approved,1,petra_csv_image,approved_by_petra_authorization,Petra authorized display of CSV-supplied product image URLs on telecomstore.net.
U236-000-R,U236-000-R,Tripp Lite by Eaton,Network Cabling & Connectors,USB 2 Ethernet Adapter,petra_supplier_feed,petraimages.com.s3.amazonaws.com,working,200,image/jpeg,600,600,30317,,,,exact_mpn_catalog_association_visual_review_pending,medium,approved,1,petra_csv_image,approved_by_petra_authorization,Petra authorized display of CSV-supplied product image URLs on telecomstore.net.
U436-06N-GBW,U436-06N-GBW,Tripp Lite by Eaton,Network Cabling & Connectors,USB3.1 GEN1C Ethernet Adapter,petra_supplier_feed,petraimages.com.s3.amazonaws.com,working,200,image/jpeg,600,600,176122,,,,exact_mpn_catalog_association_visual_review_pending,medium,approved,1,petra_csv_image,approved_by_petra_authorization,Petra authorized display of CSV-supplied product image URLs on telecomstore.net.
DS6101,DS6101,Vtech,Telephone Equipment,Add Handset: VTEDS6151,petra_supplier_feed,petraimages.com.s3.amazonaws.com,working,200,image/jpeg,600,600,208577,,,,exact_mpn_catalog_association_visual_review_pending,medium,approved,1,petra_csv_image,approved_by_petra_authorization,Petra authorized display of CSV-supplied product image URLs on telecomstore.net.
DS6151,DS6151,Vtech,Telephone Equipment,DECT 6.0 2-Line Cordless Phone,petra_supplier_feed,petraimages.com.s3.amazonaws.com,working,200,image/jpeg,600,600,247169,,,,exact_mpn_catalog_association_visual_review_pending,medium,approved,1,petra_csv_image,approved_by_petra_authorization,Petra authorized display of CSV-supplied product image URLs on telecomstore.net.
FL-1000,FL-1000,Winegard,Antennas & RF,FL-1000 Indoor HD Antenna,petra_supplier_feed,petraimages.com.s3.amazonaws.com,working,200,image/jpeg,600,600,185057,,,,exact_mpn_catalog_association_visual_review_pending,medium,approved,1,petra_csv_image,approved_by_petra_authorization,Petra authorized display of CSV-supplied product image URLs on telecomstore.net.
HD8200U,HD8200U,Winegard,Antennas & RF,Hdtv Antenna Deep Fringe,petra_supplier_feed,petraimages.com.s3.amazonaws.com,working,200,image/jpeg,600,600,94242,,,,exact_mpn_catalog_association_visual_review_pending,medium,approved,1,petra_csv_image,approved_by_petra_authorization,Petra authorized display of CSV-supplied product image URLs on telecomstore.net.
TB-0005,TB-0005,Winegard,Antennas & RF,5FT Swedged Masting,petra_supplier_feed,petraimages.com.s3.amazonaws.com,working,200,image/jpeg,600,600,65204,,,,exact_mpn_catalog_association_visual_review_pending,medium,approved,1,petra_csv_image,approved_by_petra_authorization,Petra authorized display of CSV-supplied product image URLs on telecomstore.net.
WM-2040,WM-2040,Winegard,Antennas & RF,4IN Galvanized Wall Mount,petra_supplier_feed,petraimages.com.s3.amazonaws.com,working,200,image/jpeg,600,600,172640,,,,exact_mpn_catalog_association_visual_review_pending,medium,approved,1,petra_csv_image,approved_by_petra_authorization,Petra authorized display of CSV-supplied product image URLs on telecomstore.net.
314475,314475,Wilson Electronics,Antennas & RF,75OHM Wdebnd Directional Antna,petra_supplier_feed,petraimages.com.s3.amazonaws.com,working,200,image/jpeg,600,600,183168,,,,exact_mpn_catalog_association_visual_review_pending,medium,approved,1,petra_csv_image,approved_by_petra_authorization,Petra authorized display of CSV-supplied product image URLs on telecomstore.net.
