"public_sku","manufacturer_mpn","manufacturer","title","source_class","source_domain","response_status","resolution","match_status","rights_status","recommended_action","approval_checkbox","reviewer_status","reviewer_notes"
"C4-CJM","C4-CJM","Antennas Direct","Clearstream 4 Outdoor Antenna","petra_supplier_feed","petraimages.com.s3.amazonaws.com","working","600x600","exact_mpn_catalog_association_visual_review_pending","pending_petra_confirmation","Confirm exact MPN image and obtain Petra reseller-use permission","","pending_review",""
"C4-V-CJM","C4-V-CJM","Antennas Direct","Ind/outdr Hdtv Ant/mnt","petra_supplier_feed","petraimages.com.s3.amazonaws.com","working","600x600","exact_mpn_catalog_association_visual_review_pending","pending_petra_confirmation","Confirm exact MPN image and obtain Petra reseller-use permission","","pending_review",""
"C5","C5","Antennas Direct","Clearstream 5 Dtv Antenna","petra_supplier_feed","petraimages.com.s3.amazonaws.com","working","600x600","exact_mpn_catalog_association_visual_review_pending","pending_petra_confirmation","Confirm exact MPN image and obtain Petra reseller-use permission","","pending_review",""
"CJMOUNT","CJMOUNT","Antennas Direct","Antenna Mount","petra_supplier_feed","petraimages.com.s3.amazonaws.com","working","600x600","exact_mpn_catalog_association_visual_review_pending","pending_petra_confirmation","Confirm exact MPN image and obtain Petra reseller-use permission","","pending_review",""
"DB8-E","DB8-E","Antennas Direct","DB8E Bowtie UHF Antenna","petra_supplier_feed","petraimages.com.s3.amazonaws.com","working","600x600","exact_mpn_catalog_association_visual_review_pending","pending_petra_confirmation","Confirm exact MPN image and obtain Petra reseller-use permission","","pending_review",""
"MAST40","MAST40","Antennas Direct","40IN ClearStream Universal Mast","petra_supplier_feed","petraimages.com.s3.amazonaws.com","working","600x600","exact_mpn_catalog_association_visual_review_pending","pending_petra_confirmation","Confirm exact MPN image and obtain Petra reseller-use permission","","pending_review",""
"BK350","BK350","APC","Back-UPS CS 350 VA Tower","petra_supplier_feed","petraimages.com.s3.amazonaws.com","working","600x600","exact_mpn_catalog_association_visual_review_pending","pending_petra_confirmation","Confirm exact MPN image and obtain Petra reseller-use permission","","pending_review",""
"BE550G","BE550G","APC","550VA 8-OUT Back-ups Es","petra_supplier_feed","petraimages.com.s3.amazonaws.com","working","600x600","exact_mpn_catalog_association_visual_review_pending","pending_petra_confirmation","Confirm exact MPN image and obtain Petra reseller-use permission","","pending_review",""
"BE650G1","BE650G1","APC","Back-UPS 650 VA Battery Backup","petra_supplier_feed","petraimages.com.s3.amazonaws.com","working","600x600","exact_mpn_catalog_association_visual_review_pending","pending_petra_confirmation","Confirm exact MPN image and obtain Petra reseller-use permission","","pending_review",""
"BK500","BK500","APC","Back-ups 500 System","petra_supplier_feed","petraimages.com.s3.amazonaws.com","working","600x600","exact_mpn_catalog_association_visual_review_pending","pending_petra_confirmation","Confirm exact MPN image and obtain Petra reseller-use permission","","pending_review",""
"BR1500MS2","BR1500MS2","APC","Back-UPS Pro 1500 VA Tower with 10 AC Outlets and 2 USB Ports","petra_supplier_feed","petraimages.com.s3.amazonaws.com","working","600x600","exact_mpn_catalog_association_visual_review_pending","pending_petra_confirmation","Confirm exact MPN image and obtain Petra reseller-use permission","","pending_review",""
"BX1000M","BX1000M","APC","1000VA 8-OUT Back Ups Pro","petra_supplier_feed","petraimages.com.s3.amazonaws.com","working","600x600","exact_mpn_catalog_association_visual_review_pending","pending_petra_confirmation","Confirm exact MPN image and obtain Petra reseller-use permission","","pending_review",""
"BX850M","BX850M","APC","850VA 8-OUT Back Ups Pro","petra_supplier_feed","petraimages.com.s3.amazonaws.com","working","600x600","exact_mpn_catalog_association_visual_review_pending","pending_petra_confirmation","Confirm exact MPN image and obtain Petra reseller-use permission","","pending_review",""
"ATCRL32102","ATCRL32102","At&t","DECT Big Button Cordless Das","petra_supplier_feed","petraimages.com.s3.amazonaws.com","working","600x600","exact_mpn_catalog_association_visual_review_pending","pending_petra_confirmation","Confirm exact MPN image and obtain Petra reseller-use permission","","pending_review",""
"P300","P300","Clarity","Amplified Photo Phone","petra_supplier_feed","petraimages.com.s3.amazonaws.com","working","600x600","exact_mpn_catalog_association_visual_review_pending","pending_petra_confirmation","Confirm exact MPN image and obtain Petra reseller-use permission","","pending_review",""
"52703","52703","Clarity","Expandable Handset","petra_supplier_feed","petraimages.com.s3.amazonaws.com","working","600x600","exact_mpn_catalog_association_visual_review_pending","pending_petra_confirmation","Confirm exact MPN image and obtain Petra reseller-use permission","","pending_review",""
"53712","53712","Clarity","Amp Cordless Phone W/dig Answr","petra_supplier_feed","petraimages.com.s3.amazonaws.com","working","600x600","exact_mpn_catalog_association_visual_review_pending","pending_petra_confirmation","Confirm exact MPN image and obtain Petra reseller-use permission","","pending_review",""
"53714","53714","Clarity","D714 40DB Ampd Cordless Phone","petra_supplier_feed","petraimages.com.s3.amazonaws.com","working","600x600","exact_mpn_catalog_association_visual_review_pending","pending_petra_confirmation","Confirm exact MPN image and obtain Petra reseller-use permission","","pending_review",""
"54505.001","54505.001","Clarity","Alto Plus Amp Corded Phone","petra_supplier_feed","petraimages.com.s3.amazonaws.com","working","600x600","exact_mpn_catalog_association_visual_review_pending","pending_petra_confirmation","Confirm exact MPN image and obtain Petra reseller-use permission","","pending_review",""
"59865.001","59865.001","Clarity","XLC8 DECT 6.0 50 dB Amplified Cordless Phone System","petra_supplier_feed","petraimages.com.s3.amazonaws.com","working","600x600","exact_mpn_catalog_association_visual_review_pending","pending_petra_confirmation","Confirm exact MPN image and obtain Petra reseller-use permission","","pending_review",""
"59234.001","59234.001","Clarity","DECT 6.0 50 dB Amplified Cordless Phone with Big Buttons","petra_supplier_feed","petraimages.com.s3.amazonaws.com","working","600x600","exact_mpn_catalog_association_visual_review_pending","pending_petra_confirmation","Confirm exact MPN image and obtain Petra reseller-use permission","","pending_review",""
"CP1500AVRLCD3","CP1500AVRLCD3","Cyberpower","Intelligent Lcd Ups","petra_supplier_feed","petraimages.com.s3.amazonaws.com","working","600x600","exact_mpn_catalog_association_visual_review_pending","pending_petra_confirmation","Confirm exact MPN image and obtain Petra reseller-use permission","","pending_review",""
"45-0001-UWH","45-0001-UWH","Datacomm Electronics","Uwhite 1 Gang Recessed","petra_supplier_feed","petraimages.com.s3.amazonaws.com","working","600x600","exact_mpn_catalog_association_visual_review_pending","pending_petra_confirmation","Confirm exact MPN image and obtain Petra reseller-use permission","","pending_review",""
"50-3321-WH-KIT","50-3321-WH-KIT","Datacomm Electronics","Flat Panel Cable Org Rem Kit","petra_supplier_feed","petraimages.com.s3.amazonaws.com","working","600x600","exact_mpn_catalog_association_visual_review_pending","pending_petra_confirmation","Confirm exact MPN image and obtain Petra reseller-use permission","","pending_review",""
"50-3323-WH-KIT","50-3323-WH-KIT","Datacomm Electronics","Recessed Pair Power Kit","petra_supplier_feed","petraimages.com.s3.amazonaws.com","working","600x600","exact_mpn_catalog_association_visual_review_pending","pending_petra_confirmation","Confirm exact MPN image and obtain Petra reseller-use permission","","pending_review",""
"50-6623-WH-KIT","50-6623-WH-KIT","Datacomm Electronics","Flat Panel Cable Org Dup Power","petra_supplier_feed","petraimages.com.s3.amazonaws.com","working","600x600","exact_mpn_catalog_association_visual_review_pending","pending_petra_confirmation","Confirm exact MPN image and obtain Petra reseller-use permission","","pending_review",""
"500256","500256","Eagle Aspen","25 Db Distribution Amp","petra_supplier_feed","petraimages.com.s3.amazonaws.com","working","600x600","exact_mpn_catalog_association_visual_review_pending","pending_petra_confirmation","Confirm exact MPN image and obtain Petra reseller-use permission","","pending_review",""
"DTV2BUHF","DTV2BUHF","Eagle Aspen","2-BAY UHF Outdoor Antenna","petra_supplier_feed","petraimages.com.s3.amazonaws.com","working","600x600","exact_mpn_catalog_association_visual_review_pending","pending_petra_confirmation","Confirm exact MPN image and obtain Petra reseller-use permission","","pending_review",""
"500302","500302","Eagle Aspen","2-WAY 1000 MHz Splitter","petra_supplier_feed","petraimages.com.s3.amazonaws.com","working","600x600","exact_mpn_catalog_association_visual_review_pending","pending_petra_confirmation","Confirm exact MPN image and obtain Petra reseller-use permission","","pending_review",""
"500303","500303","Eagle Aspen","3WAY All Port Power Splittr","petra_supplier_feed","petraimages.com.s3.amazonaws.com","working","600x600","exact_mpn_catalog_association_visual_review_pending","pending_petra_confirmation","Confirm exact MPN image and obtain Petra reseller-use permission","","pending_review",""
"500308","500308","Eagle Aspen","2-WAY Splitter","petra_supplier_feed","petraimages.com.s3.amazonaws.com","working","600x600","exact_mpn_catalog_association_visual_review_pending","pending_petra_confirmation","Confirm exact MPN image and obtain Petra reseller-use permission","","pending_review",""
"500312","500312","Eagle Aspen","4-WAY Splitter","petra_supplier_feed","petraimages.com.s3.amazonaws.com","working","600x600","exact_mpn_catalog_association_visual_review_pending","pending_petra_confirmation","Confirm exact MPN image and obtain Petra reseller-use permission","","pending_review",""
"EIS3-1004-WHT","EIS3-1004-WHT","Energizer Connect","6OT Smart Surge Protector","petra_supplier_feed","petraimages.com.s3.amazonaws.com","working","600x600","exact_mpn_catalog_association_visual_review_pending","pending_petra_confirmation","Confirm exact MPN image and obtain Petra reseller-use permission","","pending_review",""
"AS-HP-5R","AS-HP-5R","Helios","5OUT 2USB Surge Wall Tap","petra_supplier_feed","petraimages.com.s3.amazonaws.com","working","600x600","exact_mpn_catalog_association_visual_review_pending","pending_petra_confirmation","Confirm exact MPN image and obtain Petra reseller-use permission","","pending_review",""
"CS-1X4HDMSPL5","CS-1X4HDMSPL5","Ethereal","1IN/4OUT HDMI Splitter","petra_supplier_feed","petraimages.com.s3.amazonaws.com","working","600x600","exact_mpn_catalog_association_visual_review_pending","pending_petra_confirmation","Confirm exact MPN image and obtain Petra reseller-use permission","","pending_review",""
"CS-C5DE","CS-C5DE","Ethereal","CAT5/6 Digital Aud Extension","petra_supplier_feed","petraimages.com.s3.amazonaws.com","working","600x600","exact_mpn_catalog_association_visual_review_pending","pending_petra_confirmation","Confirm exact MPN image and obtain Petra reseller-use permission","","pending_review",""
"CS-DAC2","CS-DAC2","Ethereal","Toslink/opt Spdif Converter","petra_supplier_feed","petraimages.com.s3.amazonaws.com","working","600x600","exact_mpn_catalog_association_visual_review_pending","pending_petra_confirmation","Confirm exact MPN image and obtain Petra reseller-use permission","","pending_review",""
"CS-HDEXT4KPOEU","CS-HDEXT4KPOEU","Ethereal","4K Extender Cat6 Black","petra_supplier_feed","petraimages.com.s3.amazonaws.com","working","600x600","exact_mpn_catalog_association_visual_review_pending","pending_petra_confirmation","Confirm exact MPN image and obtain Petra reseller-use permission","","pending_review",""
"MHX-LHDME12","MHX-LHDME12","Ethereal","12M HDMI Cable 10.2G","petra_supplier_feed","petraimages.com.s3.amazonaws.com","working","600x600","exact_mpn_catalog_association_visual_review_pending","pending_petra_confirmation","Confirm exact MPN image and obtain Petra reseller-use permission","","pending_review",""
"MHX-LHDME2","MHX-LHDME2","Ethereal","2M HDMI Cable 18G","petra_supplier_feed","petraimages.com.s3.amazonaws.com","working","600x600","exact_mpn_catalog_association_visual_review_pending","pending_petra_confirmation","Confirm exact MPN image and obtain Petra reseller-use permission","","pending_review",""
"MHX-LHDME4","MHX-LHDME4","Ethereal","4M HDMI Cable 18G","petra_supplier_feed","petraimages.com.s3.amazonaws.com","working","600x600","exact_mpn_catalog_association_visual_review_pending","pending_petra_confirmation","Confirm exact MPN image and obtain Petra reseller-use permission","","pending_review",""
"MHX-T15","MHX-T15","Ethereal","MHX Series TOSLINK Digital Optical Audio Cable, 15 m","petra_supplier_feed","petraimages.com.s3.amazonaws.com","working","600x600","exact_mpn_catalog_association_visual_review_pending","pending_petra_confirmation","Confirm exact MPN image and obtain Petra reseller-use permission","","pending_review",""
"UHF-04M-S1234","UHF-04M-S1234","Gemini","UHF-04M Wireless Prof System","petra_supplier_feed","petraimages.com.s3.amazonaws.com","working","600x600","exact_mpn_catalog_association_visual_review_pending","pending_petra_confirmation","Confirm exact MPN image and obtain Petra reseller-use permission","","pending_review",""
"30-495","30-495","Ideal","Mod Plug Crimp Tool","petra_supplier_feed","petraimages.com.s3.amazonaws.com","working","600x600","exact_mpn_catalog_association_visual_review_pending","pending_petra_confirmation","Confirm exact MPN image and obtain Petra reseller-use permission","","pending_review",""
"31-340","31-340","Ideal","Powr-Fish Heavy-Duty Pull Line, 6,500 ft","petra_supplier_feed","petraimages.com.s3.amazonaws.com","working","600x600","exact_mpn_catalog_association_visual_review_pending","pending_petra_confirmation","Confirm exact MPN image and obtain Petra reseller-use permission","","pending_review",""
"33-396","33-396","Ideal","RJ45/RJ11 Crimp Tool Kit","petra_supplier_feed","petraimages.com.s3.amazonaws.com","working","600x600","exact_mpn_catalog_association_visual_review_pending","pending_petra_confirmation","Confirm exact MPN image and obtain Petra reseller-use permission","","pending_review",""
"33-507","33-507","Ideal","RJ45 Trmnation Hip Kit","petra_supplier_feed","petraimages.com.s3.amazonaws.com","working","600x600","exact_mpn_catalog_association_visual_review_pending","pending_petra_confirmation","Confirm exact MPN image and obtain Petra reseller-use permission","","pending_review",""
"35-088","35-088","Ideal","Electr Scissors With Notch","petra_supplier_feed","petraimages.com.s3.amazonaws.com","working","600x600","exact_mpn_catalog_association_visual_review_pending","pending_petra_confirmation","Confirm exact MPN image and obtain Petra reseller-use permission","","pending_review",""
"45-121","45-121","Ideal","T-Stripper Wire Stripper for 14–24 Solid and 16–26 Stranded Wire","petra_supplier_feed","petraimages.com.s3.amazonaws.com","working","600x600","exact_mpn_catalog_association_visual_review_pending","pending_petra_confirmation","Confirm exact MPN image and obtain Petra reseller-use permission","","pending_review",""
"45-915","45-915","Ideal","Kinetic Reflex T-Stripper Wire Stripper","petra_supplier_feed","petraimages.com.s3.amazonaws.com","working","600x600","exact_mpn_catalog_association_visual_review_pending","pending_petra_confirmation","Confirm exact MPN image and obtain Petra reseller-use permission","","pending_review",""
"62-200","62-200","Ideal","Linkmaster Ethernet","petra_supplier_feed","petraimages.com.s3.amazonaws.com","working","600x600","exact_mpn_catalog_association_visual_review_pending","pending_petra_confirmation","Confirm exact MPN image and obtain Petra reseller-use permission","","pending_review",""
"85-366","85-366","Ideal","Cat6 RJ45 Plug 25/CD","petra_supplier_feed","petraimages.com.s3.amazonaws.com","working","600x600","exact_mpn_catalog_association_visual_review_pending","pending_petra_confirmation","Confirm exact MPN image and obtain Petra reseller-use permission","","pending_review",""
"85-368","85-368","Ideal","25PK CAT6/5 Mod Plug","petra_supplier_feed","petraimages.com.s3.amazonaws.com","working","600x600","exact_mpn_catalog_association_visual_review_pending","pending_petra_confirmation","Confirm exact MPN image and obtain Petra reseller-use permission","","pending_review",""
"85-369","85-369","Ideal","50PK CAT6/5 Mod Plug","petra_supplier_feed","petraimages.com.s3.amazonaws.com","working","600x600","exact_mpn_catalog_association_visual_review_pending","pending_petra_confirmation","Confirm exact MPN image and obtain Petra reseller-use permission","","pending_review",""
"85-371","85-371","Ideal","50PK Cat5e RJ45 Plugs","petra_supplier_feed","petraimages.com.s3.amazonaws.com","working","600x600","exact_mpn_catalog_association_visual_review_pending","pending_petra_confirmation","Confirm exact MPN image and obtain Petra reseller-use permission","","pending_review",""
"85-372","85-372","Ideal","100PK Cat5e RJ45 Plugs","petra_supplier_feed","petraimages.com.s3.amazonaws.com","working","600x600","exact_mpn_catalog_association_visual_review_pending","pending_petra_confirmation","Confirm exact MPN image and obtain Petra reseller-use permission","","pending_review",""
"85-376","85-376","Ideal","50PK Cat6 RJ45 Plugs","petra_supplier_feed","petraimages.com.s3.amazonaws.com","working","600x600","exact_mpn_catalog_association_visual_review_pending","pending_petra_confirmation","Confirm exact MPN image and obtain Petra reseller-use permission","","pending_review",""
"85-377","85-377","Ideal","100PK Cat6 RJ45 Plugs","petra_supplier_feed","petraimages.com.s3.amazonaws.com","working","600x600","exact_mpn_catalog_association_visual_review_pending","pending_petra_confirmation","Confirm exact MPN image and obtain Petra reseller-use permission","","pending_review",""
"86-396","86-396","Ideal","RJ45 Mod Plug Bag Of 100","petra_supplier_feed","petraimages.com.s3.amazonaws.com","working","600x600","exact_mpn_catalog_association_visual_review_pending","pending_petra_confirmation","Confirm exact MPN image and obtain Petra reseller-use permission","","pending_review",""
"89-5047","89-5047","Ideal","RG59 BNC Compression","petra_supplier_feed","petraimages.com.s3.amazonaws.com","working","600x600","exact_mpn_catalog_association_visual_review_pending","pending_petra_confirmation","Confirm exact MPN image and obtain Petra reseller-use permission","","pending_review",""
"DPS-1100 USB","DPS-1100 USB","Koblenz","Desk Charging Station","petra_supplier_feed","petraimages.com.s3.amazonaws.com","working","600x600","exact_mpn_catalog_association_visual_review_pending","pending_petra_confirmation","Confirm exact MPN image and obtain Petra reseller-use permission","","pending_review",""
"KRA-22M","KRA-22M","Kenwood","UHF Antenna","petra_supplier_feed","petraimages.com.s3.amazonaws.com","working","600x600","exact_mpn_catalog_association_visual_review_pending","pending_petra_confirmation","Confirm exact MPN image and obtain Petra reseller-use permission","","pending_review",""
"KRA-23M","KRA-23M","Kenwood","VHF Antenna","petra_supplier_feed","petraimages.com.s3.amazonaws.com","working","600x600","exact_mpn_catalog_association_visual_review_pending","pending_petra_confirmation","Confirm exact MPN image and obtain Petra reseller-use permission","","pending_review",""
"56-200","56-200","Labor Saving Devices","Decoil-zit","petra_supplier_feed","petraimages.com.s3.amazonaws.com","working","600x600","exact_mpn_catalog_association_visual_review_pending","pending_petra_confirmation","Confirm exact MPN image and obtain Petra reseller-use permission","","pending_review",""
"81-000","81-000","Labor Saving Devices","Creepzit Pro 36FT Kit","petra_supplier_feed","petraimages.com.s3.amazonaws.com","working","600x600","exact_mpn_catalog_association_visual_review_pending","pending_petra_confirmation","Confirm exact MPN image and obtain Petra reseller-use permission","","pending_review",""
"81-130","81-130","Labor Saving Devices","Creep-zit Wire Running Kit","petra_supplier_feed","petraimages.com.s3.amazonaws.com","working","600x600","exact_mpn_catalog_association_visual_review_pending","pending_petra_confirmation","Confirm exact MPN image and obtain Petra reseller-use permission","","pending_review",""
"81-230","81-230","Labor Saving Devices","Connector Wire Rod Kit","petra_supplier_feed","petraimages.com.s3.amazonaws.com","working","600x600","exact_mpn_catalog_association_visual_review_pending","pending_petra_confirmation","Confirm exact MPN image and obtain Petra reseller-use permission","","pending_review",""
"81-600","81-600","Labor Saving Devices","Creepzit Compact 24FT Kit","petra_supplier_feed","petraimages.com.s3.amazonaws.com","working","600x600","exact_mpn_catalog_association_visual_review_pending","pending_petra_confirmation","Confirm exact MPN image and obtain Petra reseller-use permission","","pending_review",""
"81-700","81-700","Labor Saving Devices","Royrods Wire Running Kit","petra_supplier_feed","petraimages.com.s3.amazonaws.com","working","600x600","exact_mpn_catalog_association_visual_review_pending","pending_petra_confirmation","Confirm exact MPN image and obtain Petra reseller-use permission","","pending_review",""
"82-110","82-110","Labor Saving Devices","Grabbit Mini 10 ft Pole","petra_supplier_feed","petraimages.com.s3.amazonaws.com","working","600x600","exact_mpn_catalog_association_visual_review_pending","pending_petra_confirmation","Confirm exact MPN image and obtain Petra reseller-use permission","","pending_review",""
"82-118","82-118","Labor Saving Devices","18 ft Grabbit Pole","petra_supplier_feed","petraimages.com.s3.amazonaws.com","working","600x600","exact_mpn_catalog_association_visual_review_pending","pending_petra_confirmation","Confirm exact MPN image and obtain Petra reseller-use permission","","pending_review",""
"82-350","82-350","Labor Saving Devices","Grabbit Ztip Adapter","petra_supplier_feed","petraimages.com.s3.amazonaws.com","working","600x600","exact_mpn_catalog_association_visual_review_pending","pending_petra_confirmation","Confirm exact MPN image and obtain Petra reseller-use permission","","pending_review",""
"85-124","85-124","Labor Saving Devices","Wet Noodle & Retriever","petra_supplier_feed","petraimages.com.s3.amazonaws.com","working","600x600","exact_mpn_catalog_association_visual_review_pending","pending_petra_confirmation","Confirm exact MPN image and obtain Petra reseller-use permission","","pending_review",""
"33202","33202","Stanley","4OUT Surgequad USB Surge","petra_supplier_feed","petraimages.com.s3.amazonaws.com","working","600x600","exact_mpn_catalog_association_visual_review_pending","pending_petra_confirmation","Confirm exact MPN image and obtain Petra reseller-use permission","","pending_review",""
"910-1001","910-1001","Nanuk","910 Case W/foam Black","petra_supplier_feed","petraimages.com.s3.amazonaws.com","working","600x600","exact_mpn_catalog_association_visual_review_pending","pending_petra_confirmation","Confirm exact MPN image and obtain Petra reseller-use permission","","pending_review",""
"925S-060BK-0A0","925S-060BK-0A0","Nanuk","925 Cam Case W/org Dividr","petra_supplier_feed","petraimages.com.s3.amazonaws.com","working","600x600","exact_mpn_catalog_association_visual_review_pending","pending_petra_confirmation","Confirm exact MPN image and obtain Petra reseller-use permission","","pending_review",""
"963-1001","963-1001","Nanuk","Case 963 With Foam Black","petra_supplier_feed","petraimages.com.s3.amazonaws.com","working","600x600","exact_mpn_catalog_association_visual_review_pending","pending_petra_confirmation","Confirm exact MPN image and obtain Petra reseller-use permission","","pending_review",""
"965-1001","965-1001","Nanuk","Case 965 With Foam Black","petra_supplier_feed","petraimages.com.s3.amazonaws.com","working","600x600","exact_mpn_catalog_association_visual_review_pending","pending_petra_confirmation","Confirm exact MPN image and obtain Petra reseller-use permission","","pending_review",""
"PB802105","PB802105","Prime","1OUT 900J Surge Tap","petra_supplier_feed","petraimages.com.s3.amazonaws.com","working","600x600","exact_mpn_catalog_association_visual_review_pending","pending_petra_confirmation","Confirm exact MPN image and obtain Petra reseller-use permission","","pending_review",""
"PBRUSB346S-A","PBRUSB346S-A","Prime","6OUT 1200J Surge Tap","petra_supplier_feed","petraimages.com.s3.amazonaws.com","working","600x600","exact_mpn_catalog_association_visual_review_pending","pending_petra_confirmation","Confirm exact MPN image and obtain Petra reseller-use permission","","pending_review",""
"PCBLCO102","PCBLCO102","Pyle","Cable Protector Ramp with Flip-Open Access Lid","petra_supplier_feed","petraimages.com.s3.amazonaws.com","working","600x600","exact_mpn_catalog_association_visual_review_pending","pending_petra_confirmation","Confirm exact MPN image and obtain Petra reseller-use permission","","pending_review",""
"PDWM2145","PDWM2145","Pyle","Fixed Freq Wireless Mic System","petra_supplier_feed","petraimages.com.s3.amazonaws.com","working","600x600","exact_mpn_catalog_association_visual_review_pending","pending_petra_confirmation","Confirm exact MPN image and obtain Petra reseller-use permission","","pending_review",""
"PDWM3375","PDWM3375","Pyle","2CH Wireless Mic System","petra_supplier_feed","petraimages.com.s3.amazonaws.com","working","600x600","exact_mpn_catalog_association_visual_review_pending","pending_petra_confirmation","Confirm exact MPN image and obtain Petra reseller-use permission","","pending_review",""
"PDWM3400","PDWM3400","Pyle","Premier Wireless Mic System","petra_supplier_feed","petraimages.com.s3.amazonaws.com","working","600x600","exact_mpn_catalog_association_visual_review_pending","pending_petra_confirmation","Confirm exact MPN image and obtain Petra reseller-use permission","","pending_review",""
"PDBC70","PDBC70","Pyle","9O 15A Power Switch Control","petra_supplier_feed","petraimages.com.s3.amazonaws.com","working","600x600","exact_mpn_catalog_association_visual_review_pending","pending_petra_confirmation","Confirm exact MPN image and obtain Petra reseller-use permission","","pending_review",""
"PDWM4120","PDWM4120","Pyle","H&o UHF Wireless Mic System","petra_supplier_feed","petraimages.com.s3.amazonaws.com","working","600x600","exact_mpn_catalog_association_visual_review_pending","pending_petra_confirmation","Confirm exact MPN image and obtain Petra reseller-use permission","","pending_review",""
"AMP1450E","AMP1450E","RCA","Digi Amp For Indoor Antna","petra_supplier_feed","petraimages.com.s3.amazonaws.com","working","600x600","exact_mpn_catalog_association_visual_review_pending","pending_petra_confirmation","Confirm exact MPN image and obtain Petra reseller-use permission","","pending_review",""
"ANT111E","ANT111E","RCA","Indoor Passive Antenna","petra_supplier_feed","petraimages.com.s3.amazonaws.com","working","600x600","exact_mpn_catalog_association_visual_review_pending","pending_petra_confirmation","Confirm exact MPN image and obtain Petra reseller-use permission","","pending_review",""
"ANT1560E1","ANT1560E1","RCA","Amplified Indoor Flat Multi-Directional HDTV Antenna","petra_supplier_feed","petraimages.com.s3.amazonaws.com","working","600x600","exact_mpn_catalog_association_visual_review_pending","pending_petra_confirmation","Confirm exact MPN image and obtain Petra reseller-use permission","","pending_review",""
"ANT310E","ANT310E","RCA","Amplified Indoor Antna","petra_supplier_feed","petraimages.com.s3.amazonaws.com","working","600x600","exact_mpn_catalog_association_visual_review_pending","pending_petra_confirmation","Confirm exact MPN image and obtain Petra reseller-use permission","","pending_review",""
"ANT705E","ANT705E","RCA","Attic/outdoor Hdtv Antenna","petra_supplier_feed","petraimages.com.s3.amazonaws.com","working","600x600","exact_mpn_catalog_association_visual_review_pending","pending_petra_confirmation","Confirm exact MPN image and obtain Petra reseller-use permission","","pending_review",""
"ANT754E","ANT754E","RCA","Antenna Outdoor Attic Compa","petra_supplier_feed","petraimages.com.s3.amazonaws.com","working","600x600","exact_mpn_catalog_association_visual_review_pending","pending_petra_confirmation","Confirm exact MPN image and obtain Petra reseller-use permission","","pending_review",""
"DH12HHE","DH12HHE","RCA","12FT Dig Plus HDMI 2 HDMI","petra_supplier_feed","petraimages.com.s3.amazonaws.com","working","600x600","exact_mpn_catalog_association_visual_review_pending","pending_petra_confirmation","Confirm exact MPN image and obtain Petra reseller-use permission","","pending_review",""
"DH24SPE","DH24SPE","RCA","2.4GHZ 2WAY Digital Splitter","petra_supplier_feed","petraimages.com.s3.amazonaws.com","working","600x600","exact_mpn_catalog_association_visual_review_pending","pending_petra_confirmation","Confirm exact MPN image and obtain Petra reseller-use permission","","pending_review",""
"DH3HHE","DH3HHE","RCA","3FT HDMI Cable","petra_supplier_feed","petraimages.com.s3.amazonaws.com","working","600x600","exact_mpn_catalog_association_visual_review_pending","pending_petra_confirmation","Confirm exact MPN image and obtain Petra reseller-use permission","","pending_review",""
"DH6HHE","DH6HHE","RCA","6FT Dig Plus HDMI To HDMI","petra_supplier_feed","petraimages.com.s3.amazonaws.com","working","600x600","exact_mpn_catalog_association_visual_review_pending","pending_petra_confirmation","Confirm exact MPN image and obtain Petra reseller-use permission","","pending_review",""
"DV10RV","DV10RV","RCA","6FT Optical Cable Black","petra_supplier_feed","petraimages.com.s3.amazonaws.com","working","600x600","exact_mpn_catalog_association_visual_review_pending","pending_petra_confirmation","Confirm exact MPN image and obtain Petra reseller-use permission","","pending_review",""
"TP210WHRV","TP210WHRV","RCA","7FT Mod Phone Cord White","petra_supplier_feed","petraimages.com.s3.amazonaws.com","working","600x600","exact_mpn_catalog_association_visual_review_pending","pending_petra_confirmation","Confirm exact MPN image and obtain Petra reseller-use permission","","pending_review",""
"TP231WHR","TP231WHR","RCA","15FT Phone Line Cord White","petra_supplier_feed","petraimages.com.s3.amazonaws.com","working","600x600","exact_mpn_catalog_association_visual_review_pending","pending_petra_confirmation","Confirm exact MPN image and obtain Petra reseller-use permission","","pending_review",""
"TP243WHR","TP243WHR","RCA","25FT Phone Line Cord White","petra_supplier_feed","petraimages.com.s3.amazonaws.com","working","600x600","exact_mpn_catalog_association_visual_review_pending","pending_petra_confirmation","Confirm exact MPN image and obtain Petra reseller-use permission","","pending_review",""
"TP257WHR","TP257WHR","RCA","Duplex Mod Jack White","petra_supplier_feed","petraimages.com.s3.amazonaws.com","working","600x600","exact_mpn_catalog_association_visual_review_pending","pending_petra_confirmation","Confirm exact MPN image and obtain Petra reseller-use permission","","pending_review",""
"TP265WHR","TP265WHR","RCA","Surf Mount Phone Jack White","petra_supplier_feed","petraimages.com.s3.amazonaws.com","working","600x600","exact_mpn_catalog_association_visual_review_pending","pending_petra_confirmation","Confirm exact MPN image and obtain Petra reseller-use permission","","pending_review",""
"TP280WRV","TP280WRV","RCA","12FT Phone Coil Cord White","petra_supplier_feed","petraimages.com.s3.amazonaws.com","working","600x600","exact_mpn_catalog_association_visual_review_pending","pending_petra_confirmation","Confirm exact MPN image and obtain Petra reseller-use permission","","pending_review",""
"TP282AR","TP282AR","RCA","25FT Phone Coil Cord Ivr","petra_supplier_feed","petraimages.com.s3.amazonaws.com","working","600x600","exact_mpn_catalog_association_visual_review_pending","pending_petra_confirmation","Confirm exact MPN image and obtain Petra reseller-use permission","","pending_review",""
"TP282BLRV","TP282BLRV","RCA","Standard Handset Coil Cord, 25 ft, Black","petra_supplier_feed","petraimages.com.s3.amazonaws.com","working","600x600","exact_mpn_catalog_association_visual_review_pending","pending_petra_confirmation","Confirm exact MPN image and obtain Petra reseller-use permission","","pending_review",""
"TP282WR","TP282WR","RCA","25FT Handset Coil Cord With","petra_supplier_feed","petraimages.com.s3.amazonaws.com","working","600x600","exact_mpn_catalog_association_visual_review_pending","pending_petra_confirmation","Confirm exact MPN image and obtain Petra reseller-use permission","","pending_review",""
"TP443WHRV","TP443WHRV","RCA","50FT Mod Phone Cord White","petra_supplier_feed","petraimages.com.s3.amazonaws.com","working","600x600","exact_mpn_catalog_association_visual_review_pending","pending_petra_confirmation","Confirm exact MPN image and obtain Petra reseller-use permission","","pending_review",""
"TPH530BR","TPH530BR","RCA","7 ft Cat5e Cable Blu","petra_supplier_feed","petraimages.com.s3.amazonaws.com","working","600x600","exact_mpn_catalog_association_visual_review_pending","pending_petra_confirmation","Confirm exact MPN image and obtain Petra reseller-use permission","","pending_review",""
"TPH532BR","TPH532BR","RCA","25FT Cat5e 100MHZ Cable Blu","petra_supplier_feed","petraimages.com.s3.amazonaws.com","working","600x600","exact_mpn_catalog_association_visual_review_pending","pending_petra_confirmation","Confirm exact MPN image and obtain Petra reseller-use permission","","pending_review",""
"TPH560R1V","TPH560R1V","RCA","CAT5E/6 in Line Coupler With","petra_supplier_feed","petraimages.com.s3.amazonaws.com","working","600x600","exact_mpn_catalog_association_visual_review_pending","pending_petra_confirmation","Confirm exact MPN image and obtain Petra reseller-use permission","","pending_review",""
"TPH633R","TPH633R","RCA","50FT Cat 6 Cable Black","petra_supplier_feed","petraimages.com.s3.amazonaws.com","working","600x600","exact_mpn_catalog_association_visual_review_pending","pending_petra_confirmation","Confirm exact MPN image and obtain Petra reseller-use permission","","pending_review",""
"VH125R","VH125R","RCA","4IN Antenna Wall Mount Kit","petra_supplier_feed","petraimages.com.s3.amazonaws.com","working","600x600","exact_mpn_catalog_association_visual_review_pending","pending_petra_confirmation","Confirm exact MPN image and obtain Petra reseller-use permission","","pending_review",""
"VH47R","VH47R","RCA","Two-way Splitter","petra_supplier_feed","petraimages.com.s3.amazonaws.com","working","600x600","exact_mpn_catalog_association_visual_review_pending","pending_petra_confirmation","Confirm exact MPN image and obtain Petra reseller-use permission","","pending_review",""
"VH603RV1","VH603RV1","RCA","3FT RG6 Cable Black","petra_supplier_feed","petraimages.com.s3.amazonaws.com","working","600x600","exact_mpn_catalog_association_visual_review_pending","pending_petra_confirmation","Confirm exact MPN image and obtain Petra reseller-use permission","","pending_review",""
"VH606R","VH606R","RCA","6FT RG6 Coax Cable Black","petra_supplier_feed","petraimages.com.s3.amazonaws.com","working","600x600","exact_mpn_catalog_association_visual_review_pending","pending_petra_confirmation","Confirm exact MPN image and obtain Petra reseller-use permission","","pending_review",""
"VH606WHR","VH606WHR","RCA","6FT RG6 Cable White","petra_supplier_feed","petraimages.com.s3.amazonaws.com","working","600x600","exact_mpn_catalog_association_visual_review_pending","pending_petra_confirmation","Confirm exact MPN image and obtain Petra reseller-use permission","","pending_review",""
"VH612R","VH612R","RCA","12FT RG6 Coax Cable Black","petra_supplier_feed","petraimages.com.s3.amazonaws.com","working","600x600","exact_mpn_catalog_association_visual_review_pending","pending_petra_confirmation","Confirm exact MPN image and obtain Petra reseller-use permission","","pending_review",""
"VH625RV","VH625RV","RCA","25FT RG6 Coax Cable Black","petra_supplier_feed","petraimages.com.s3.amazonaws.com","working","600x600","exact_mpn_catalog_association_visual_review_pending","pending_petra_confirmation","Confirm exact MPN image and obtain Petra reseller-use permission","","pending_review",""
"VH66R1","VH66R1","RCA","Coax Cable Feed Connector","petra_supplier_feed","petraimages.com.s3.amazonaws.com","working","600x600","exact_mpn_catalog_association_visual_review_pending","pending_petra_confirmation","Confirm exact MPN image and obtain Petra reseller-use permission","","pending_review",""
"VHB6111R","VHB6111R","RCA","100FT RG6 Coax Cable Black","petra_supplier_feed","petraimages.com.s3.amazonaws.com","working","600x600","exact_mpn_catalog_association_visual_review_pending","pending_petra_confirmation","Confirm exact MPN image and obtain Petra reseller-use permission","","pending_review",""
"VHB655R","VHB655R","RCA","50FT RG6 Coax Cable Black","petra_supplier_feed","petraimages.com.s3.amazonaws.com","working","600x600","exact_mpn_catalog_association_visual_review_pending","pending_petra_confirmation","Confirm exact MPN image and obtain Petra reseller-use permission","","pending_review",""
"VHEXT8E","VHEXT8E","RCA","Coax Extension Cable","petra_supplier_feed","petraimages.com.s3.amazonaws.com","working","600x600","exact_mpn_catalog_association_visual_review_pending","pending_petra_confirmation","Confirm exact MPN image and obtain Petra reseller-use permission","","pending_review",""
"VHFC015E","VHFC015E","RCA","Flat Coax Extnsn Cable","petra_supplier_feed","petraimages.com.s3.amazonaws.com","working","600x600","exact_mpn_catalog_association_visual_review_pending","pending_petra_confirmation","Confirm exact MPN image and obtain Petra reseller-use permission","","pending_review",""
"C380N","C380N","Eco4life","4O Smart Surge Power Strip W/usb","petra_supplier_feed","petraimages.com.s3.amazonaws.com","working","600x600","exact_mpn_catalog_association_visual_review_pending","pending_petra_confirmation","Confirm exact MPN image and obtain Petra reseller-use permission","","pending_review",""
"84-213","84-213","Stanley","Wire Stripper & Cutter","petra_supplier_feed","petraimages.com.s3.amazonaws.com","working","600x600","exact_mpn_catalog_association_visual_review_pending","pending_petra_confirmation","Confirm exact MPN image and obtain Petra reseller-use permission","","pending_review",""
"AHD10-04290","AHD10-04290","Vericom","10FT HDMI 30AWG Black","petra_supplier_feed","petraimages.com.s3.amazonaws.com","working","600x600","exact_mpn_catalog_association_visual_review_pending","pending_petra_confirmation","Confirm exact MPN image and obtain Petra reseller-use permission","","pending_review",""
"AHD30-04293","AHD30-04293","Vericom","30FT HDMI 28AWG Black","petra_supplier_feed","petraimages.com.s3.amazonaws.com","working","600x600","exact_mpn_catalog_association_visual_review_pending","pending_petra_confirmation","Confirm exact MPN image and obtain Petra reseller-use permission","","pending_review",""
"AHD50-04294","AHD50-04294","Vericom","50FT HDMI 24AWG Black","petra_supplier_feed","petraimages.com.s3.amazonaws.com","working","600x600","exact_mpn_catalog_association_visual_review_pending","pending_petra_confirmation","Confirm exact MPN image and obtain Petra reseller-use permission","","pending_review",""
"MBW5U-00932","MBW5U-00932","Vericom","CAT 5e U/UTP Solid Riser CMR Cable, 1,000 ft, Blue","petra_supplier_feed","petraimages.com.s3.amazonaws.com","working","600x600","exact_mpn_catalog_association_visual_review_pending","pending_petra_confirmation","Confirm exact MPN image and obtain Petra reseller-use permission","","pending_review",""
"MBW5U-01440","MBW5U-01440","Vericom","CAT 5e U/UTP Solid Riser CMR Cable, 1,000 ft, Black","petra_supplier_feed","petraimages.com.s3.amazonaws.com","working","600x600","exact_mpn_catalog_association_visual_review_pending","pending_petra_confirmation","Confirm exact MPN image and obtain Petra reseller-use permission","","pending_review",""
"MBW5U-01441","MBW5U-01441","Vericom","CAT 5e U/UTP Solid Riser CMR Cable, 1,000 ft, White","petra_supplier_feed","petraimages.com.s3.amazonaws.com","working","600x600","exact_mpn_catalog_association_visual_review_pending","pending_petra_confirmation","Confirm exact MPN image and obtain Petra reseller-use permission","","pending_review",""
"MBW5U-01443","MBW5U-01443","Vericom","CAT 5e U/UTP Solid Riser CMR Cable, 1,000 ft, Yellow","petra_supplier_feed","petraimages.com.s3.amazonaws.com","working","600x600","exact_mpn_catalog_association_visual_review_pending","pending_petra_confirmation","Confirm exact MPN image and obtain Petra reseller-use permission","","pending_review",""
"MBW5U-01554","MBW5U-01554","Vericom","CAT 5e U/UTP Solid Riser CMR Cable, 1,000 ft, Red","petra_supplier_feed","petraimages.com.s3.amazonaws.com","working","600x600","exact_mpn_catalog_association_visual_review_pending","pending_petra_confirmation","Confirm exact MPN image and obtain Petra reseller-use permission","","pending_review",""
"MBW6U-00934","MBW6U-00934","Vericom","CAT 6 U/UTP Solid Riser CMR Cable, 1,000 ft, Blue","petra_supplier_feed","petraimages.com.s3.amazonaws.com","working","600x600","exact_mpn_catalog_association_visual_review_pending","pending_petra_confirmation","Confirm exact MPN image and obtain Petra reseller-use permission","","pending_review",""
"MBW6U-01444","MBW6U-01444","Vericom","CAT 6 U/UTP Solid Riser CMR Cable, 1,000 ft, White","petra_supplier_feed","petraimages.com.s3.amazonaws.com","working","600x600","exact_mpn_catalog_association_visual_review_pending","pending_petra_confirmation","Confirm exact MPN image and obtain Petra reseller-use permission","","pending_review",""
"MBW6U-01445","MBW6U-01445","Vericom","CAT 6 U/UTP Solid Riser CMR Cable, 1,000 ft, Yellow","petra_supplier_feed","petraimages.com.s3.amazonaws.com","working","600x600","exact_mpn_catalog_association_visual_review_pending","pending_petra_confirmation","Confirm exact MPN image and obtain Petra reseller-use permission","","pending_review",""
"MKJ6U-01352","MKJ6U-01352","Vericom","Kest Coupler Cat6 Unshld Black","petra_supplier_feed","petraimages.com.s3.amazonaws.com","working","600x600","exact_mpn_catalog_association_visual_review_pending","pending_petra_confirmation","Confirm exact MPN image and obtain Petra reseller-use permission","","pending_review",""
"WTCXC-03634","WTCXC-03634","Vericom","Coax Hex Crimp Tool","petra_supplier_feed","petraimages.com.s3.amazonaws.com","working","600x600","exact_mpn_catalog_association_visual_review_pending","pending_petra_confirmation","Confirm exact MPN image and obtain Petra reseller-use permission","","pending_review",""
"WTCXS-03631","WTCXS-03631","Vericom","Universal Coax Strip Tool","petra_supplier_feed","petraimages.com.s3.amazonaws.com","working","600x600","exact_mpn_catalog_association_visual_review_pending","pending_petra_confirmation","Confirm exact MPN image and obtain Petra reseller-use permission","","pending_review",""
"WTRJC-03632","WTRJC-03632","Vericom","Modular Crimp/strip Tool","petra_supplier_feed","petraimages.com.s3.amazonaws.com","working","600x600","exact_mpn_catalog_association_visual_review_pending","pending_petra_confirmation","Confirm exact MPN image and obtain Petra reseller-use permission","","pending_review",""
"XHD03-04252","XHD03-04252","Vericom","3FT HDMI Cable With Ethernet Black","petra_supplier_feed","petraimages.com.s3.amazonaws.com","working","600x600","exact_mpn_catalog_association_visual_review_pending","pending_petra_confirmation","Confirm exact MPN image and obtain Petra reseller-use permission","","pending_review",""
"XHD01-04253","XHD01-04253","Vericom","6FT HDMI Cable With Ethernet Black","petra_supplier_feed","petraimages.com.s3.amazonaws.com","working","600x600","exact_mpn_catalog_association_visual_review_pending","pending_petra_confirmation","Confirm exact MPN image and obtain Petra reseller-use permission","","pending_review",""
"XHD01-04254","XHD01-04254","Vericom","10FT HDMI Cable With Ethernet Black","petra_supplier_feed","petraimages.com.s3.amazonaws.com","working","600x600","exact_mpn_catalog_association_visual_review_pending","pending_petra_confirmation","Confirm exact MPN image and obtain Petra reseller-use permission","","pending_review",""
"XHD01-04255","XHD01-04255","Vericom","12FT HDMI Cable With Ethernet Black","petra_supplier_feed","petraimages.com.s3.amazonaws.com","working","600x600","exact_mpn_catalog_association_visual_review_pending","pending_petra_confirmation","Confirm exact MPN image and obtain Petra reseller-use permission","","pending_review",""
"XHD01-04260","XHD01-04260","Vericom","12FT HDMI Cable With Ethernet White","petra_supplier_feed","petraimages.com.s3.amazonaws.com","working","600x600","exact_mpn_catalog_association_visual_review_pending","pending_petra_confirmation","Confirm exact MPN image and obtain Petra reseller-use permission","","pending_review",""
"XRG06-02404","XRG06-02404","Vericom","1000FT RG6 Dual Shield Cable","petra_supplier_feed","petraimages.com.s3.amazonaws.com","working","600x600","exact_mpn_catalog_association_visual_review_pending","pending_petra_confirmation","Confirm exact MPN image and obtain Petra reseller-use permission","","pending_review",""
"TLP1008TELTV","TLP1008TELTV","Tripp Lite by Eaton","10 Outlet Surge","petra_supplier_feed","petraimages.com.s3.amazonaws.com","working","600x600","exact_mpn_catalog_association_visual_review_pending","pending_petra_confirmation","Confirm exact MPN image and obtain Petra reseller-use permission","","pending_review",""
"TLP1208TELTV","TLP1208TELTV","Tripp Lite by Eaton","12OUT Surge With Coax/tel","petra_supplier_feed","petraimages.com.s3.amazonaws.com","working","600x600","exact_mpn_catalog_association_visual_review_pending","pending_petra_confirmation","Confirm exact MPN image and obtain Petra reseller-use permission","","pending_review",""
"A102-02M","A102-02M","Tripp Lite by Eaton","6FT Digital Optical Cable","petra_supplier_feed","petraimages.com.s3.amazonaws.com","working","600x600","exact_mpn_catalog_association_visual_review_pending","pending_petra_confirmation","Confirm exact MPN image and obtain Petra reseller-use permission","","pending_review",""
"A102-04M","A102-04M","Tripp Lite by Eaton","13FT Digital Optical Cable","petra_supplier_feed","petraimages.com.s3.amazonaws.com","working","600x600","exact_mpn_catalog_association_visual_review_pending","pending_petra_confirmation","Confirm exact MPN image and obtain Petra reseller-use permission","","pending_review",""
"AVR750UNC","AVR750UNC","Tripp Lite by Eaton","12O 750VA 450W Li Cloud Ups","petra_supplier_feed","petraimages.com.s3.amazonaws.com","working","600x600","exact_mpn_catalog_association_visual_review_pending","pending_petra_confirmation","Confirm exact MPN image and obtain Petra reseller-use permission","","pending_review",""
"B118-008E-UHD-2","B118-008E-UHD-2","Tripp Lite by Eaton","8PRT 4K HDMI Splitter","petra_supplier_feed","petraimages.com.s3.amazonaws.com","working","600x600","exact_mpn_catalog_association_visual_review_pending","pending_petra_confirmation","Confirm exact MPN image and obtain Petra reseller-use permission","","pending_review",""
"BC600RNC","BC600RNC","Tripp Lite by Eaton","Cloud-Connected 600 VA/300 W Desktop UPS with 4 AC Outlets","petra_supplier_feed","petraimages.com.s3.amazonaws.com","working","600x600","exact_mpn_catalog_association_visual_review_pending","pending_petra_confirmation","Confirm exact MPN image and obtain Petra reseller-use permission","","pending_review",""
"ISOBAR6 ULTRA","ISOBAR6 ULTRA","Tripp Lite by Eaton","6 Out Surge With 6FT Cord","petra_supplier_feed","petraimages.com.s3.amazonaws.com","working","600x600","exact_mpn_catalog_association_visual_review_pending","pending_petra_confirmation","Confirm exact MPN image and obtain Petra reseller-use permission","","pending_review",""
"LC1200","LC1200","Tripp Lite by Eaton","1200W 120V Line Conditioner","petra_supplier_feed","petraimages.com.s3.amazonaws.com","working","600x600","exact_mpn_catalog_association_visual_review_pending","pending_petra_confirmation","Confirm exact MPN image and obtain Petra reseller-use permission","","pending_review",""
"LC2400","LC2400","Tripp Lite by Eaton","2400W 120V Power Conditioner","petra_supplier_feed","petraimages.com.s3.amazonaws.com","working","600x600","exact_mpn_catalog_association_visual_review_pending","pending_petra_confirmation","Confirm exact MPN image and obtain Petra reseller-use permission","","pending_review",""
"N001-025-BK","N001-025-BK","Tripp Lite by Eaton","Cat5e 350MHZ Cable 25 ft","petra_supplier_feed","petraimages.com.s3.amazonaws.com","working","600x600","exact_mpn_catalog_association_visual_review_pending","pending_petra_confirmation","Confirm exact MPN image and obtain Petra reseller-use permission","","pending_review",""
"N001-050-BK","N001-050-BK","Tripp Lite by Eaton","Cat5e Patch Cable 50 ft","petra_supplier_feed","petraimages.com.s3.amazonaws.com","working","600x600","exact_mpn_catalog_association_visual_review_pending","pending_petra_confirmation","Confirm exact MPN image and obtain Petra reseller-use permission","","pending_review",""
"N032-001","N032-001","Tripp Lite by Eaton","Cat5e RJ45 Inline Couplr","petra_supplier_feed","petraimages.com.s3.amazonaws.com","working","600x600","exact_mpn_catalog_association_visual_review_pending","pending_petra_confirmation","Confirm exact MPN image and obtain Petra reseller-use permission","","pending_review",""
"N201-007-BL","N201-007-BL","Tripp Lite by Eaton","CAT 6 Gigabit Snagless Stranded UTP Ethernet Cable, 7 ft, Blue","petra_supplier_feed","petraimages.com.s3.amazonaws.com","working","600x600","exact_mpn_catalog_association_visual_review_pending","pending_petra_confirmation","Confirm exact MPN image and obtain Petra reseller-use permission","","pending_review",""
"N201-007-WH","N201-007-WH","Tripp Lite by Eaton","7FT Cat6 Gigabit Snagless","petra_supplier_feed","petraimages.com.s3.amazonaws.com","working","600x600","exact_mpn_catalog_association_visual_review_pending","pending_petra_confirmation","Confirm exact MPN image and obtain Petra reseller-use permission","","pending_review",""
"N201-014-BL","N201-014-BL","Tripp Lite by Eaton","CAT 6 Gigabit Snagless Solid UTP Ethernet Cable, 14 ft, Blue","petra_supplier_feed","petraimages.com.s3.amazonaws.com","working","600x600","exact_mpn_catalog_association_visual_review_pending","pending_petra_confirmation","Confirm exact MPN image and obtain Petra reseller-use permission","","pending_review",""
"N201-025-BL","N201-025-BL","Tripp Lite by Eaton","CAT 6 Gigabit Snagless Solid UTP Ethernet Cable, 25 ft, Blue","petra_supplier_feed","petraimages.com.s3.amazonaws.com","working","600x600","exact_mpn_catalog_association_visual_review_pending","pending_petra_confirmation","Confirm exact MPN image and obtain Petra reseller-use permission","","pending_review",""
"N201-050-BL","N201-050-BL","Tripp Lite by Eaton","CAT 6 Gigabit Snagless Solid UTP Ethernet Cable, 50 ft, Blue","petra_supplier_feed","petraimages.com.s3.amazonaws.com","working","600x600","exact_mpn_catalog_association_visual_review_pending","pending_petra_confirmation","Confirm exact MPN image and obtain Petra reseller-use permission","","pending_review",""
"N201-100-BL","N201-100-BL","Tripp Lite by Eaton","CAT 6 Gigabit Snagless Solid UTP Ethernet Cable, 100 ft, Blue","petra_supplier_feed","petraimages.com.s3.amazonaws.com","working","600x600","exact_mpn_catalog_association_visual_review_pending","pending_petra_confirmation","Confirm exact MPN image and obtain Petra reseller-use permission","","pending_review",""
"N201-015-BL","N201-015-BL","Tripp Lite by Eaton","15FT Cat6 Snagless RJ45 Cable","petra_supplier_feed","petraimages.com.s3.amazonaws.com","working","600x600","exact_mpn_catalog_association_visual_review_pending","pending_petra_confirmation","Confirm exact MPN image and obtain Petra reseller-use permission","","pending_review",""
"P131-06N","P131-06N","Tripp Lite by Eaton","Hdmi/vga With Audio Converter","petra_supplier_feed","petraimages.com.s3.amazonaws.com","working","600x600","exact_mpn_catalog_association_visual_review_pending","pending_petra_confirmation","Confirm exact MPN image and obtain Petra reseller-use permission","","pending_review",""
"P502-006","P502-006","Tripp Lite by Eaton","Svga Monitor Cable 6F-","petra_supplier_feed","petraimages.com.s3.amazonaws.com","working","600x600","exact_mpn_catalog_association_visual_review_pending","pending_petra_confirmation","Confirm exact MPN image and obtain Petra reseller-use permission","","pending_review",""
"P569-006-MF","P569-006-MF","Tripp Lite by Eaton","4K HDMI Extension Cable With Ethernet","petra_supplier_feed","petraimages.com.s3.amazonaws.com","working","600x600","exact_mpn_catalog_association_visual_review_pending","pending_petra_confirmation","Confirm exact MPN image and obtain Petra reseller-use permission","","pending_review",""
"P570-006-MICRO","P570-006-MICRO","Tripp Lite by Eaton","HDMI To Microhdmi Cable 6FT","petra_supplier_feed","petraimages.com.s3.amazonaws.com","working","600x600","exact_mpn_catalog_association_visual_review_pending","pending_petra_confirmation","Confirm exact MPN image and obtain Petra reseller-use permission","","pending_review",""
"SMART1200XLHG","SMART1200XLHG","Tripp Lite by Eaton","4O 120V 1KVA 750W Med Ups","petra_supplier_feed","petraimages.com.s3.amazonaws.com","working","600x600","exact_mpn_catalog_association_visual_review_pending","pending_petra_confirmation","Confirm exact MPN image and obtain Petra reseller-use permission","","pending_review",""
"SMART1500LCD","SMART1500LCD","Tripp Lite by Eaton","1500VA Lcd Ups","petra_supplier_feed","petraimages.com.s3.amazonaws.com","working","600x600","exact_mpn_catalog_association_visual_review_pending","pending_petra_confirmation","Confirm exact MPN image and obtain Petra reseller-use permission","","pending_review",""
"SPIKECUBE","SPIKECUBE","Tripp Lite by Eaton","1OUT 600J Spikecube Surge","petra_supplier_feed","petraimages.com.s3.amazonaws.com","working","600x600","exact_mpn_catalog_association_visual_review_pending","pending_petra_confirmation","Confirm exact MPN image and obtain Petra reseller-use permission","","pending_review",""
"SUPER7","SUPER7","Tripp Lite by Eaton","7 Outlet Surge Protector","petra_supplier_feed","petraimages.com.s3.amazonaws.com","working","600x600","exact_mpn_catalog_association_visual_review_pending","pending_petra_confirmation","Confirm exact MPN image and obtain Petra reseller-use permission","","pending_review",""
"SUPER725B","SUPER725B","Tripp Lite by Eaton","25FT 7OUT 2160J Surge","petra_supplier_feed","petraimages.com.s3.amazonaws.com","working","600x600","exact_mpn_catalog_association_visual_review_pending","pending_petra_confirmation","Confirm exact MPN image and obtain Petra reseller-use permission","","pending_review",""
"SUPER7B","SUPER7B","Tripp Lite by Eaton","7-OTLT Surge Protector 2160 Joules","petra_supplier_feed","petraimages.com.s3.amazonaws.com","working","600x600","exact_mpn_catalog_association_visual_review_pending","pending_petra_confirmation","Confirm exact MPN image and obtain Petra reseller-use permission","","pending_review",""
"SWIVEL6USB","SWIVEL6USB","Tripp Lite by Eaton","6OUT Direct Plug Surge","petra_supplier_feed","petraimages.com.s3.amazonaws.com","working","600x600","exact_mpn_catalog_association_visual_review_pending","pending_petra_confirmation","Confirm exact MPN image and obtain Petra reseller-use permission","","pending_review",""
"TLM609SA","TLM609SA","Tripp Lite by Eaton","9FT 6O Protect It Surge","petra_supplier_feed","petraimages.com.s3.amazonaws.com","working","600x600","exact_mpn_catalog_association_visual_review_pending","pending_petra_confirmation","Confirm exact MPN image and obtain Petra reseller-use permission","","pending_review",""
"TLM615SA","TLM615SA","Tripp Lite by Eaton","15FT 6O Protect It Surge","petra_supplier_feed","petraimages.com.s3.amazonaws.com","working","600x600","exact_mpn_catalog_association_visual_review_pending","pending_petra_confirmation","Confirm exact MPN image and obtain Petra reseller-use permission","","pending_review",""
"TLP1006B","TLP1006B","Tripp Lite by Eaton","6FT 10OUT 2880J Surge Black","petra_supplier_feed","petraimages.com.s3.amazonaws.com","working","600x600","exact_mpn_catalog_association_visual_review_pending","pending_petra_confirmation","Confirm exact MPN image and obtain Petra reseller-use permission","","pending_review",""
"TLP1208SAT","TLP1208SAT","Tripp Lite by Eaton","12OUT Protect It Surge","petra_supplier_feed","petraimages.com.s3.amazonaws.com","working","600x600","exact_mpn_catalog_association_visual_review_pending","pending_petra_confirmation","Confirm exact MPN image and obtain Petra reseller-use permission","","pending_review",""
"TLP1208TEL","TLP1208TEL","Tripp Lite by Eaton","8FT 12OUT 2160J Surge","petra_supplier_feed","petraimages.com.s3.amazonaws.com","working","600x600","exact_mpn_catalog_association_visual_review_pending","pending_petra_confirmation","Confirm exact MPN image and obtain Petra reseller-use permission","","pending_review",""
"TLP128TTUSBB","TLP128TTUSBB","Tripp Lite by Eaton","12OUT 8FT Plastic Surge","petra_supplier_feed","petraimages.com.s3.amazonaws.com","working","600x600","exact_mpn_catalog_association_visual_review_pending","pending_petra_confirmation","Confirm exact MPN image and obtain Petra reseller-use permission","","pending_review",""
"TLP310USBC","TLP310USBC","Tripp Lite by Eaton","10FT 510J 3OUT Surge Black","petra_supplier_feed","petraimages.com.s3.amazonaws.com","working","600x600","exact_mpn_catalog_association_visual_review_pending","pending_petra_confirmation","Confirm exact MPN image and obtain Petra reseller-use permission","","pending_review",""
"TLP4BK","TLP4BK","Tripp Lite by Eaton","4OUT 720J Surge Black","petra_supplier_feed","petraimages.com.s3.amazonaws.com","working","600x600","exact_mpn_catalog_association_visual_review_pending","pending_petra_confirmation","Confirm exact MPN image and obtain Petra reseller-use permission","","pending_review",""
"TLP604","TLP604","Tripp Lite by Eaton","6 Out Surge Protector 4FT Cord","petra_supplier_feed","petraimages.com.s3.amazonaws.com","working","600x600","exact_mpn_catalog_association_visual_review_pending","pending_petra_confirmation","Confirm exact MPN image and obtain Petra reseller-use permission","","pending_review",""
"TLP606DMUSB","TLP606DMUSB","Tripp Lite by Eaton","6-OTLT Surge W/clamps","petra_supplier_feed","petraimages.com.s3.amazonaws.com","working","600x600","exact_mpn_catalog_association_visual_review_pending","pending_petra_confirmation","Confirm exact MPN image and obtain Petra reseller-use permission","","pending_review",""
"TLP610U30CLAMPB","TLP610U30CLAMPB","Tripp Lite by Eaton","Protect It Desk Clamp Surge Protector with 6 AC Outlets and 2 USB Ports, 10 ft","petra_supplier_feed","petraimages.com.s3.amazonaws.com","working","600x600","exact_mpn_catalog_association_visual_review_pending","pending_petra_confirmation","Confirm exact MPN image and obtain Petra reseller-use permission","","pending_review",""
"TLP648USBC","TLP648USBC","Tripp Lite by Eaton","6OUT 8FT Desk Clamp Surge","petra_supplier_feed","petraimages.com.s3.amazonaws.com","working","600x600","exact_mpn_catalog_association_visual_review_pending","pending_petra_confirmation","Confirm exact MPN image and obtain Petra reseller-use permission","","pending_review",""
"TLP6B","TLP6B","Tripp Lite by Eaton","6 Out Surge Protector 6FT Cord","petra_supplier_feed","petraimages.com.s3.amazonaws.com","working","600x600","exact_mpn_catalog_association_visual_review_pending","pending_petra_confirmation","Confirm exact MPN image and obtain Petra reseller-use permission","","pending_review",""
"TLP74RB","TLP74RB","Tripp Lite by Eaton","7OUTLT Surge Protectr","petra_supplier_feed","petraimages.com.s3.amazonaws.com","working","600x600","exact_mpn_catalog_association_visual_review_pending","pending_petra_confirmation","Confirm exact MPN image and obtain Petra reseller-use permission","","pending_review",""
"TLP76MSG","TLP76MSG","Tripp Lite by Eaton","7 Out Surge Protector 6FT Cord","petra_supplier_feed","petraimages.com.s3.amazonaws.com","working","600x600","exact_mpn_catalog_association_visual_review_pending","pending_petra_confirmation","Confirm exact MPN image and obtain Petra reseller-use permission","","pending_review",""
"TLP76MSGB","TLP76MSGB","Tripp Lite by Eaton","6FT 7OUT 1080J Surge Black","petra_supplier_feed","petraimages.com.s3.amazonaws.com","working","600x600","exact_mpn_catalog_association_visual_review_pending","pending_petra_confirmation","Confirm exact MPN image and obtain Petra reseller-use permission","","pending_review",""
"TLP808B","TLP808B","Tripp Lite by Eaton","8FT 8OUT 1440J Surge Black","petra_supplier_feed","petraimages.com.s3.amazonaws.com","working","600x600","exact_mpn_catalog_association_visual_review_pending","pending_petra_confirmation","Confirm exact MPN image and obtain Petra reseller-use permission","","pending_review",""
"TLP810NET","TLP810NET","Tripp Lite by Eaton","8 Outlet + Phone Lan","petra_supplier_feed","petraimages.com.s3.amazonaws.com","working","600x600","exact_mpn_catalog_association_visual_review_pending","pending_petra_confirmation","Confirm exact MPN image and obtain Petra reseller-use permission","","pending_review",""
"TLP864USBB","TLP864USBB","Tripp Lite by Eaton","8OUT 6FT Plastic Surge","petra_supplier_feed","petraimages.com.s3.amazonaws.com","working","600x600","exact_mpn_catalog_association_visual_review_pending","pending_petra_confirmation","Confirm exact MPN image and obtain Petra reseller-use permission","","pending_review",""
"TLP88TUSBB","TLP88TUSBB","Tripp Lite by Eaton","8OUT 8FT Plastic Surge","petra_supplier_feed","petraimages.com.s3.amazonaws.com","working","600x600","exact_mpn_catalog_association_visual_review_pending","pending_petra_confirmation","Confirm exact MPN image and obtain Petra reseller-use permission","","pending_review",""
"U236-000-R","U236-000-R","Tripp Lite by Eaton","USB 2 Ethernet Adapter","petra_supplier_feed","petraimages.com.s3.amazonaws.com","working","600x600","exact_mpn_catalog_association_visual_review_pending","pending_petra_confirmation","Confirm exact MPN image and obtain Petra reseller-use permission","","pending_review",""
"U436-06N-GBW","U436-06N-GBW","Tripp Lite by Eaton","USB3.1 GEN1C Ethernet Adapter","petra_supplier_feed","petraimages.com.s3.amazonaws.com","working","600x600","exact_mpn_catalog_association_visual_review_pending","pending_petra_confirmation","Confirm exact MPN image and obtain Petra reseller-use permission","","pending_review",""
"DS6101","DS6101","Vtech","Add Handset: VTEDS6151","petra_supplier_feed","petraimages.com.s3.amazonaws.com","working","600x600","exact_mpn_catalog_association_visual_review_pending","pending_petra_confirmation","Confirm exact MPN image and obtain Petra reseller-use permission","","pending_review",""
"DS6151","DS6151","Vtech","DECT 6.0 2-Line Cordless Phone","petra_supplier_feed","petraimages.com.s3.amazonaws.com","working","600x600","exact_mpn_catalog_association_visual_review_pending","pending_petra_confirmation","Confirm exact MPN image and obtain Petra reseller-use permission","","pending_review",""
"FL-1000","FL-1000","Winegard","FL-1000 Indoor HD Antenna","petra_supplier_feed","petraimages.com.s3.amazonaws.com","working","600x600","exact_mpn_catalog_association_visual_review_pending","pending_petra_confirmation","Confirm exact MPN image and obtain Petra reseller-use permission","","pending_review",""
"HD8200U","HD8200U","Winegard","Hdtv Antenna Deep Fringe","petra_supplier_feed","petraimages.com.s3.amazonaws.com","working","600x600","exact_mpn_catalog_association_visual_review_pending","pending_petra_confirmation","Confirm exact MPN image and obtain Petra reseller-use permission","","pending_review",""
"TB-0005","TB-0005","Winegard","5FT Swedged Masting","petra_supplier_feed","petraimages.com.s3.amazonaws.com","working","600x600","exact_mpn_catalog_association_visual_review_pending","pending_petra_confirmation","Confirm exact MPN image and obtain Petra reseller-use permission","","pending_review",""
"WM-2040","WM-2040","Winegard","4IN Galvanized Wall Mount","petra_supplier_feed","petraimages.com.s3.amazonaws.com","working","600x600","exact_mpn_catalog_association_visual_review_pending","pending_petra_confirmation","Confirm exact MPN image and obtain Petra reseller-use permission","","pending_review",""
"314475","314475","Wilson Electronics","75OHM Wdebnd Directional Antna","petra_supplier_feed","petraimages.com.s3.amazonaws.com","working","600x600","exact_mpn_catalog_association_visual_review_pending","pending_petra_confirmation","Confirm exact MPN image and obtain Petra reseller-use permission","","pending_review",""
